halId_s,uri_s,title_s,doiId_s,journalTitle_s,producedDateY_i,retrieved_at,modifiedDate_tdate,laboratories,authors,linked_dataset_dois,linked_repositories,keywords
hal-05762903,https://hal.science/hal-05762903v1,Functional annotation of insulin-responsive genes in human adipocytes reveals PLCXD1 as a lipid storage regulator,10.1038/s41467-026-77280-y,Nature Communications,2026,2026-09-25T03:28:12Z,2026-09-25T03:28:12Z,IPMC | UNS | CNRS | UniCA,Scott Frendo-Cumbo | Danae Zareifi | Joëlle Bigay | Ana Rita Dias Araújo | Alina Lapp | Mattias Hansen | Teresa P Reindl | Beatrice Engelmann | Felix Klingelhuber | Lina Cordeddu | Merve Elmastas | Jutta Jalkanen | Gianluca Renzi | Océane Buvry | Delphine Debayle | Hanin Allos | Marta López Yus | Sophie Weinbrenner | Katharina Schormair | Oveis Jamialahmadi | Alastair G Kerr | Stefano Romeo | Ulrike Rolle-Kampczyk | Martin von Bergen | Lucas Massier | Natalie Krahmer | Romain Gautier | Bruno Antonny | Mikael Rydén | Niklas Mejhert,,,
hal-04164118,https://hal.science/hal-04164118v1,Open science resources from the Tara Pacific expedition across coral reef and surface ocean ecosystems,10.1038/s41597-022-01757-w,Scientific Data,2023,2026-09-23T08:48:59Z,2026-09-23T08:48:59Z,LOV | INSU - CNRS | SU | CNRS | IMEV | GOSEE | UPVD | EPHE | PSL | AMU | CEA | UEVE,Fabien Lombard | Guillaume Bourdin | Stéphane Pesant | Sylvain Agostini | Alberto Baudena | Emilie Boissin | Nicolas Cassar | Megan Clampitt | Pascal Conan | Ophélie da Silva | Céline Dimier | Éric Douville | Amanda Elineau | Jonathan Fin | J. Michel Flores | Jean-François Ghiglione | Benjamin C C Hume | Laetitia Jalabert | Seth G John | Rachel L. Kelly | Ilan Koren | Yajuan Lin | Dominique Marie | Ryan Mcminds | Zoé Mériguet | Nicolas Metzl | David A Paz-García | Maria Luiza Pedrotti | Julie Poulain | Mireille Pujo-Pay | Josephine Ras | Gilles Reverdin | Sarah Romac | Alice Rouan | Eric Röttinger | Assaf Vardi | Eric Gilson | Christian R Voolstra | Clémentine Moulin | Guillaume Iwankow | Bernard Banaigs | Chris Bowler | Colomban de Vargas | Didier Forcioli | Paola Furla | Pierre E Galand | Stéphanie Reynaud | Matthew B. Sullivan | Romain Troublé | Rebecca Vega Thurber | Shinichi Sunagawa | Olivier P Thomas | Patrick Wincker | Didier Zoccola | Serge Planes | Denis Allemand | Emmanuel Boss | Gabriel Gorsky,,,Animals | Anthozoa | Coral Reefs | Ecosystem | Pacific Ocean | Seawater
hal-01897110,https://hal.science/hal-01897110v1,Integrated high-resolution dataset of high-intensity European and Mediterranean flash floods,10.5194/essd-10-1783-2018,Earth System Science Data,2018,2026-09-23T08:41:00Z,2026-09-23T08:41:00Z,LGEI | IMT | IGE | IRD | Grenoble INP | INSU - CNRS | CNRS | UGA [2016-2019] | Fédération OSUG | HSM | UM | UR HHLY,William Amponsah | Pierre-Alain Ayral | Brice Boudevillain | Christophe Bouvier | Isabelle Braud | Pascal Brunet | Guy Delrieu | Jean-François Didon-Lescot | Eric Gaume | Laurent Lebouc | Lorenzo Marchi | Francesco Marra | Efrat Morin | Guillaume Nord | Olivier Payrastre | Davide Zoccatelli | Marco Borga,10.6096/mistrals-hymex.1493 | https://www.earth-syst-sci-data.net/10/1783/2018/,SEDOO / Theia,HYMEX | ANR FLOODSCALE
hal-04345122,https://hal.inrae.fr/hal-04345122v1,M2OR: a database of olfactory receptor–odorant pairs for understanding the molecular mechanisms of olfaction,10.1093/nar/gkad886,Nucleic Acids Research,2024,2026-09-22T03:25:37Z,2026-09-22T03:25:37Z,ICN | UNS | INC-CNRS | CNRS | UniCA | CSGA | UB | INRAE | Institut Agro,Maxence Lalis | Matej Hladiš | Samar Abi Khalil | Loïc Briand | Sébastien Fiorucci | Jérémie Topin,https://m2or.chemsensim.fr,,Olfaction | Molecular mechanism | Database
hal-05751335,https://hal.science/hal-05751335v1,"Worldwide School Meals Scientific Literature Database: Metadata Extraction from 2,330 Peer-Reviewed Articles Included in a Mapping Review (1893–2025)",10.57745/IMNECM,Recherche Data Gouv,2026,2026-09-17T03:27:07Z,2026-09-17T03:27:07Z,INRAE | UMR MoISA | Cirad | IRD | CIHEAM-IAMM | CIHEAM | Institut Agro | MIAM | CSGA | CNRS | UBE | DipSO,Fabiana Irigoyen Jiménez | Mathilde Savy | Sylvie Avallone | Regina Dashkina | Alexia Geny | Sophie Le Perchec | Nicolas Méndez Barreto | Sophie Nicklaus | Romane Poinsot | Esther Sanz-Sanz | Guy Richard | Lucile Marty,,,
hal-05633888,https://hal.science/hal-05633888v1,Untargeted metabolomic dataset of leaves from twenty-four accessions of wild and cultivated tomato plants,10.1016/j.dib.2026.112828,Data in Brief,2026,2026-09-16T16:48:10Z,2026-09-16T16:48:10Z,GAFL | INRAE | LAE | UL | ISA | UNS | CNRS | UniCA | BBV - UR 2106 | UT | NEOLAiA | PSH,Komla Exonam Amegan | Florent Magot | Alan Kergunteuil | Bernard Caromel | Anne-Violette Lavoir | Romain Larbat,10.57745/qm0bor,Recherche Data Gouv,Interspecific and intraspecific diversity | Solanaceae | Metabolite
hal-03931195,https://hal.inrae.fr/hal-03931195v1,Improvement of eukaryotic protein predictions from soil metagenomes,10.1038/s41597-022-01420-4,Scientific Data,2022,2026-09-14T14:18:06Z,2026-09-14T14:18:06Z,ISA | UNS | CNRS | INRAE | UniCA,Carole Belliardo | Georgios D Koutsovoulos | Corinne Rancurel | Mathilde Clément | Justine Lipuma | Marc Bailly-Bechet | Etienne G J Danchin,10.15454/e2vtrb,Recherche Data Gouv,
hal-04954634,https://hal.inrae.fr/hal-04954634v1,"High-fidelity annotated triploid genome of the quarantine root-knot nematode, Meloidogyne enterolobii",10.1038/s41597-025-04434-w,Scientific Data,2025,2026-09-14T14:18:06Z,2026-09-26T03:25:28Z,ISA | UNS | CNRS | INRAE | UniCA | JKI | GeT-PlaGe | GET | GENOTOUL | ENVT | INSERM | Toulouse INP,Marine Poullet | Hemanth Konigopal | Corinne Rancurel | Marine Sallaberry | Celine Lopez-Roques | Ana Paula Zotta Mota | Joanna Lledo | Sebastian Kiewnick | Etienne G J Danchin,10.57745/eguuhk | 10.57745/5mxzsj | 10.57745/kga7ci | 10.57745/y0o2lp | 10.57745/vekhqs,Recherche Data Gouv | Recherche Data Gouv | Recherche Data Gouv | Recherche Data Gouv | Recherche Data Gouv,
hal-04198172,https://hal.inrae.fr/hal-04198172v1,Genome sequence and annotation of Periconia digitata a hopeful biocontrol agent of phytopathogenic oomycetes,10.1038/s41597-023-02440-4,Scientific Data,2023,2026-09-14T14:18:06Z,2026-09-14T14:18:06Z,ISA | UNS | CNRS | INRAE | UniCA | GeT-PlaGe | GET | GENOTOUL | UT3 | ENVT | INSERM | Toulouse INP,Elena Bovio | Corinne Rancurel | Aurélie Seassau | Marc Magliano | Marie Gislard | Anaïs Loisier | Claire Kuchly | Michel Ponchet | Etienne Danchin | Cyril van Ghelder,10.57745/gu67te | 10.57745/fb9ovn | 10.57745/bapyy5 | 10.57745/tv4eb7 | 10.57745/71ds6f | 10.57745/5odv0c | 10.57745/fhnyju,Recherche Data Gouv | Recherche Data Gouv | Recherche Data Gouv | Recherche Data Gouv | Recherche Data Gouv | Recherche Data Gouv | Recherche Data Gouv,Computational biology and bioinformatics | Fungal genomics
hal-02972492,https://hal.inrae.fr/hal-02972492v1,"Genome assembly and annotation of Meloidogyne enterolobii, an emerging parthenogenetic root- knot nematode",10.1038/s41597-020-00666-0,Scientific Data,2020,2026-09-14T14:18:06Z,2026-09-14T14:18:06Z,ISA | UNS | CNRS | INRAE | UniCA | LIPME | JKI,Georgios Koutsovoulos | Marine Poullet | Abdelnaser Elashry | Erika Sallet | Martine da Rocha | Laetitia Perfus-Barbeoch | Cristina Martin-Jimenez | Juerg Ernst Frey | Christian H Ahrens | Sebastian Kiewnick | Etienne Danchin,10.6084/m9.figshare.12410363,Figshare,Root-knot Nematodes | Meloidogyne Enterolobii | Tylenchoidea
hal-01794665,https://hal.science/hal-01794665v1,A database of the coseismic effects following the 30 October 2016 Norcia earthquake in Central Italy,10.1038/sdata.2018.49,Scientific Data,2018,2026-09-14T14:18:06Z,2026-09-14T14:18:06Z,INGV | CNR-IIA | CNR | IRSN | Ud'A | CEREGE | IRD | INRA | AMU | CdF (institution) | INSU - CNRS | CNRS,Fabio Villani | Riccardo Civico | Stefano Pucci | Luca Pizzimenti | Rosa Nappi | Paolo Marco de Martini | F. Agosta | G. Alessio | L. Alfonsi | M. Amanti | S. Amoroso | D. Aringoli | E. Auciello | R. Azzaro | S. Baize | S. Bello | L Benedetti | A. Bertagnini | G. Binda | M. Bisson | M. Blumetti | L. Bonadeo | P. Boncio | P. Bornemann | S. Branca | T. Braun | F. Brozzetti | A. Brunori | P. Burrato | M. Caciagli | C. Campobasso | M. Carafa | R. Cinti | D. Cirillo | V. Comerci | L. Cucci | R. de Ritis | G. Deiana | P. del Carlo | L. del Rio | A. Delorme | P. Di Manna | D. Di Naccio | L. Falconi | E. Falcucci | P. Farabollini | P. Faure Walker | F. Ferrarini | M. Ferrario | Matthieu Ferry | N. Feuillet | Jules Fleury | U. Fracassi | C. Frigerio | F. Galluzzo | R. Gambillara | G. Gaudiosi | H. Goodall | S. Gori | L. Gregory | L. Guerrieri | S. Hailemikael | J. Hollingsworth | F. Iezzi | C. Invernizzi | D. Jablonská | E. Jacques | H. Jomard | V. Kastelic | Y. Klinger | G. Lavecchia | F. Leclerc | F. Liberi | A. Lisi | F. Livio | L. Lo Sardo | J. P. Malet | M. Mariucci | M. Materazzi | L. Maubant | F. Mazzarini | J. Mccaffrey | M. Michetti | Z.K. Mildon | P. Montone | M. Moro | R. Nave | M. Odin | B. Pace | S. Paggi | N. Pagliuca | G. Pambianchi | D. Pantosti | A. T Patera | E. Pérouse | G. Pezzo | L. Piccardi | P. Pierantoni | M. Pignone | S. Pinzi | E. Pistolesi | J. Point | Lea Pousse-Beltran | A. Pozzi | M. Proposito | C. Puglisi | I. Puliti | T. Ricci | L. Ripamonti | M. Rizza | P. Roberts | M. Roncoroni | V. Sapia | M. Saroli | A. Sciarra | O. Scotti | G. Skupinski | A. Smedile | A. Socquet | G. Tarabusi | S. Tarquini | S. Terrana | J. Tesson | E. Tondi | A. Valentini | R. Vallone | J. van Der Woerd | P. Vannoli | A. Venuti | E. Vittori | T. Volatili | L.N.J. Wedmore | M. Wilkinson | M. Zambrano,10.1594/pangaea.879469,PANGAEA,
hal-05040854,https://hal.science/hal-05040854v1,Disruption of HIV-1 co-receptors CCR5 and CXCR4 in primary human T cells and hematopoietic stem and progenitor cells using base editing,10.1016/j.ymthe.2021.10.026,Molecular Therapy,2022,2026-09-09T16:50:02Z,2026-09-09T16:50:02Z,CIRI-EVIR | CIRI | ENS de Lyon | UCBL | UJM | UJM EPE | INSERM | CNRS | C3M | UNS | UniCA,Friederike Knipping | Gregory Newby | Cindy Eide | Amber Mcelroy | Sarah Nielsen | Kyle Smith | Yongxing Fang | Tatjana Cornu | Caroline Costa | Alejandra Gutierrez-Guerrero | Samuel Bingea | Colby Feser | Benjamin Steinbeck | Keli Hippen | Bruce Blazar | Anton Mccaffrey | Claudio Mussolino | Els Verhoeyen | Jakub Tolar | David Liu | Mark Osborn,,,
hal-04195834,https://hal.science/hal-04195834v1,FSCN1 as a new druggable target in adrenocortical carcinoma,10.1002/ijc.34526,International Journal of Cancer,2023,2026-09-07T16:20:16Z,2026-09-07T16:20:16Z,IPMC | UNS | CNRS | UniCA | UniBs | UniFI | UZH | TU Dresden | JMU | LMU | IRCM - U1194 Inserm - UM | INSERM,Carmen Ruggiero | Mariangela Tamburello | Elisa Rossini | Silvia Zini | Nelly Durand | Giulia Cantini | Francesca Cioppi | Constanze Hantel | Katja Kiseljak-Vassiliades | Margaret E Wierman | Laura‐sophie Landwehr | Isabel Weigand | Max Kurlbaum | Daniela Zizioli | Andrei Turtoi | Shengyu Yang | Alfredo Berruti | Michaela Luconi | Sandra Sigala | Enzo Lalli,,,Endocrine cancer | Cytoskeleton | Adrenocortical carcinoma
hal-04093287,https://cnrs.hal.science/hal-04093287v1,Analysis of the P. lividus sea urchin genome highlights contrasting trends of genomic and regulatory evolution in deuterostomes,10.1016/j.xgen.2023.100295,Cell Genomics,2023,2026-09-07T12:12:11Z,2026-09-07T12:12:11Z,UCL | LBGB | UMR 8030 | GENOSCOPE | DRF (CEA) | UEVE | CNRS | CEA | MPI-MP | LBDV | INSB-CNRS | SU,Ferdinand Marlétaz | Arnaud Couloux | Julie Poulain | Karine Labadie | Corinne da Silva | Sophie Mangenot | Benjamin Noel | Albert J Poustka | Philippe Dru | Cinta Pegueroles | Marco Borra | Elijah K Lowe | Guy Lhomond | Lydia Besnardeau | Stéphanie Le Gras | Tao Ye | Daria Gavriouchkina | Roberta Russo | Caterina Costa | Francesca Zito | Letizia Anello | Aldo Nicosia | Maria Antonietta Ragusa | Marta Pascual | M. Dolores Molina | Aline Chessel | Marta Di Carlo | Xavier Turon | Richard R Copley | Jean-Yves Exposito | Pedro Martinez | Vincenzo Cavalieri | Smadar Ben Tabou de Leon | Jenifer Croce | Paola Oliveri | Valeria Matranga | Maria Di Bernardo | Julia Morales | Patrick Cormier | Anne-Marie Geneviève | Jean Marc Aury | Valérie Barbe | Patrick Wincker | Maria Ina Arnone | Christian Gache | Thierry Lepage,,,
inserm-05632428,https://inserm.hal.science/inserm-05632428v1,FOXJ1 transcriptional targets in human airway cells and impaired multiciliogenesis in FOXJ1 -associated primary ciliary dyskinesia,10.1093/ajrcmb/aanag071,American Journal of Respiratory Cell and Molecular Biology,2026,2026-09-07T08:54:03Z,2026-09-07T08:54:03Z,U933 | INSERM | AP-HP | SU | IP | CNRS | UPCité | IBENS | ENS-PSL | PSL | CHIC | CHU Toulouse,Lucie Thomas | Jacques Serizay | Rahma Mani | Sandrine Couvet | Jean-François Papon | Aline Tamalet | Rana Mitri | Catherine Faucon | Marlene Murris-Espin | Emmanuelle Blanchard | Maud Langeois | Sophie Blesson | Sylvie Tissier | Guy Montantin | Florence Dastot-Le Moal | Romain Levergeois | Bruno Louis | Nicole Beydon | Guillaume Thouvenin | Estelle Escudier | Serge Amselem | Irina Giurgea | Laure-Emmanuelle Zaragosi | Alice Meunier | Marie Legendre,,,ChIP-sequencing | Multiciliogenesis | Primary ciliary dyskinesia | Transcription factor | FOXJ1
hal-05702692,https://hal.science/hal-05702692v1,Targeting the ER stress sensor IRE1 protects the liver from fibrosis through the downregulation of the proteostasis factor P4HB/PDIA1,10.1097/hep.0000000000001335,Hepatology,2026,2026-08-29T03:24:58Z,2026-08-29T03:24:58Z,UCHILE | GERO | C3M | UNS | INSERM | UniCA | AMMICa | IGR | CNRS | CRC (UMR_S_1138 / U1138) | EPHE | PSL,Younis Younis Hazari | Lama Habbouche | Valeria A Garcia Lopez | Hery Urra | Javier Diaz | Giovanni Tamburini | Mateus Milani | Sylvere Durand | Fanny Aprahamian | Reese Baxter | Menghao Huang | X Charlie Dong | Luis Gonzalez-Rojas | Silva- Agüero Juan Francisco | Ignacio Tapia-Dufey | Helena Vihinen | Vlad Ratziu | Fabienne Foufelle | Jan G Hengstler | Eija Jokitalo | Jessica L Maiers | Lars Plate | Guido Kroemer | Beatrice Bailly-Maitre | Claudio Hetz,,,Collagen | Endoplasmic reticulum | IRE1 | Liver fibrosis | PDIA1/P4HB | UPR Hepatology
inserm-03884409,https://inserm.hal.science/inserm-03884409v1,Familial autoinflammation with neutrophilic dermatosis reveals a regulatory mechanism of pyrin activation,10.1126/scitranslmed.aaf1471,Science Translational Medicine,2016,2026-08-25T10:26:03Z,2026-08-25T10:26:03Z,"WEHI | UZ Leuven | KU Leuven | UPMC | INSERM | UQ [All campuses : Brisbane, Dutton Park Gatton, Herston, St Lucia and other locations] | UNS | AP-HP | SU | LU / ULB | AUB",Seth Masters | James Dooley | Vasiliki Lagou | Isabelle Jéru | Paul Baker | Lien van Eyck | Laura Dagley | David Parry | Dylan Lawless | Dominic de Nardo | Caroline Holley | Josselyn Garcia-Perez | Fiona Moghaddas | Emanuela Pasciuto | Pierre-Yves Jeandel | Raf Sciot | Dena Lyras | Andrew Webb | Sandra Nicholson | Lien de Somer | Erika van Nieuwenhove | Julia Ruuth-Praz | Bruno Copin | Emmanuelle Cochet | Myrna Medlej-Hashim | Andre Megarbane | Kate Schroder | Sinisa Savic | An Goris | Serge Amselem | Carine Wouters | Adrian Liston,,,
hal-04008501,https://hal.science/hal-04008501v1,HIV-specific effector cytotoxic T lymphocytes and HIV-producing cells colocalize in white pulps and germinal centers from infected patients,10.1182/blood.v97.9.2695,Blood,2001,2026-08-11T17:20:07Z,2026-08-11T17:20:07Z,UPMC | INSERM | IPMC | UNS | CNRS | AP-HP | SU | UPD7 | HEGP | HUPO | IP,Anne Hosmalin | Assia Samri | Marie-Jeanne Dumaurier | Yasmine Dudoit | Eric Oksenhendler | Marina Karmochkine | Brigitte Autran | Simon Wain-Hobson | Rémi Cheynier,,,
hal-01889268,https://hal.science/hal-01889268v2,Consumer perception data and scientific arguments about food packaging functionalities for fresh strawberries,10.1016/j.dib.2018.09.034,Data in Brief,2018,2026-08-06T03:22:21Z,2026-08-06T03:22:21Z,GRAPHIK | LIRMM | UM | CNRS | Inria | UMR IATE | Cirad | INRA | UM2 | Montpellier SupAgro | UMR MOISA | CIHEAM-IAMM,Bruno Yun | Patrice Buche | Pierre Bisquert | Sandrine Costa | Madalina Croitoru | Julien Cufi | Valérie V. Guillard | Alrick Oudot | Rallou Thomopoulos,10.15454/gnbufh | 10.15454/ubpoqg | 10.15454/hkiqfj | 10.15454/ihvm9p | 10.15454/f4c8i0 | 10.15454/gmwb8q | 10.15454/dc9pyl | 10.15454/nm3wet | 10.15454/vdnrh6 | http://pfl.grignon.inra.fr/atWeb/ | 10.1016/j.ecoinf.2018.07.006,Recherche Data Gouv | Recherche Data Gouv | Recherche Data Gouv | Recherche Data Gouv | Recherche Data Gouv | Recherche Data Gouv | Recherche Data Gouv | Recherche Data Gouv | Recherche Data Gouv | Journal DOI (10.1016),Argumentation tool | Strawberry | Selection criterion | Logic-based argumentation | Preference management | Consumer perception | Food packaging | Decision support system | Fraise | Aide à la décision | Critère de choix | Emballage alimentaire
hal-04064296,https://hal.science/hal-04064296v1,Multi-source datasets acquired over Toulouse (France) in 2021 for urban microclimate studies during the CAMCATT/AI4GEO field campaign,10.1016/j.dib.2023.109109,Data in Brief,2023,2026-07-23T09:42:03Z,2026-07-23T09:42:03Z,Comue de Toulouse | CESBIO | IRD | UT3 | INSU - CNRS | CNES | CNRS | INRAE | EOST | UNISTRA | ESPACE | UNS,Laure Roupioz | Xavier Briottet | K Adeline | A Al Bitar | Delphine Barbon-Dubosc | R Barda-Chatain | Philippe Barillot | S Bridier | E Carroll | Charlène Cassante | A Cerbelaud | Philippe Déliot | Philippe Doublet | P E Dupouy | S Gadal | S Guernouti | A de Guilhem de Lataillade | Aude Lemonsu | R Llorens | R Luhahe | Aurélie Michel | Ahmed Moussous | M Musy | F Nerry | Laurent Poutier | A Rodler | Nicolas Riviere | Thomas Riviere | J L Roujean | Axel Roy | Anita Schilling | D Skokovic | J Sobrino,10.6096/1010 | 10.6096/1011 | 10.6096/1012 | 10.6096/1017 | 10.6096/1013 | 10.6096/1014 | 10.6096/1015 | 10.6096/1016,SEDOO / Theia | SEDOO / Theia | SEDOO / Theia | SEDOO / Theia | SEDOO / Theia | SEDOO / Theia | SEDOO / Theia | SEDOO / Theia,REFLECTANCE SPECTRALE | EMISSIVITE SPECTRALE | TEMPERATURE AIR | LIDAR AERIEN | DONNÉE ATMOSPHÉRIQUE | TEMPERATURE SURFACE | ZONE URBAINE
hal-05040856,https://hal.science/hal-05040856v1,Agammaglobulinemia with normal B-cell numbers in a patient lacking Bob1,10.1016/j.jaci.2021.01.027,Journal of Allergy and Clinical Immunology,2021,2026-07-17T10:38:48Z,2026-07-17T10:38:48Z,CIRI-EVIR | CIRI | ENS de Lyon | UCBL | UJM | UJM EPE | INSERM | CNRS | C3M | UNS | UniCA,Patrick Kury | Julian Staniek | Oliver Wegehaupt | Iga Janowska | Matthias Eckenweiler | Rudolf Korinthenberg | Natia Japaridze | Manuela Pendziwiat | Ingo Helbig | Els Verhoeyen | Johannes Jung | Andres Caballero Garcia de Oteyza | Michele Proietti | Tamar Phirtskhalaishvili | Irakli Rtskhiladze | Peter Nielsen | Stephan Ehl | Carsten Speckmann | Marta Rizzi,,,
hal-05040853,https://hal.science/hal-05040853v1,Engineered packaging cell line for the enhanced production of baboon-enveloped retroviral vectors,10.1016/j.omtn.2024.102389,Molecular Therapy - Nucleic Acids,2024,2026-07-17T10:35:35Z,2026-07-17T10:35:35Z,CIRI-EVIR | CIRI | ENS de Lyon | UCBL | UJM | UJM EPE | INSERM | CNRS | C3M | UNS | UniCA,Denise Klatt | Lucia Sereni | Boya Liu | Pietro Genovese | Axel Schambach | Els Verhoeyen | David Williams | Christian Brendel,,,
hal-05040849,https://hal.science/hal-05040849v1,A Novel BaEVRless-Pseudotyped γ-Globin Lentiviral Vector Drives High and Stable Fetal Hemoglobin Expression and Improves Thalassemic Erythropoiesis In Vitro,10.1089/hum.2018.022,Human Gene Therapy,2019,2026-07-17T10:35:35Z,2026-07-17T10:35:35Z,CIRI-EVIR | CIRI | ENS de Lyon | UCBL | UJM | UJM EPE | INSERM | CNRS | UniCA | C3M | UNS,Ekati Drakopoulou | Maria Georgomanoli | Carsten Lederer | Marina Kleanthous | Caroline Costa | Ornellie Bernadin | François-Loïc Cosset | Ersi Voskaridou | Els Verhoeyen | Eleni Papanikolaou | Nicholas Anagnou,,,
hal-05040851,https://hal.science/hal-05040851v1,Combining T-cell–specific activation and in vivo gene delivery through CD3-targeted lentiviral vectors,10.1182/bloodadvances.2020002229,Blood Advances,2020,2026-07-17T10:25:53Z,2026-07-17T10:25:53Z,EPI | CIRI-EVIR | CIRI | ENS de Lyon | UCBL | UJM | UJM EPE | INSERM | CNRS | C3M | UNS | UniCA,Annika Frank | Angela Braun | Lea Scheib | Shiwani Agarwal | Irene Schneider | Floriane Fusil | Séverine Perian | Ugur Sahin | Frederic Thalheimer | Els Verhoeyen | Christian Buchholz,,,
hal-05040865,https://hal.science/hal-05040865v1,CD46 Null Packaging Cell Line Improves Measles Lentiviral Vector Production and Gene Delivery to Hematopoietic Stem and Progenitor Cells,10.1016/j.omtm.2018.11.006,Molecular Therapy - Methods and Clinical Development,2019,2026-07-17T10:25:53Z,2026-07-17T10:25:53Z,CIRI-EVIR | CIRI | ENS de Lyon | UCBL | UJM | UJM EPE | INSERM | CNRS | C3M | UNS | UniCA,Stosh Ozog | Craig Chen | Elizabeth Simpson | Olivia Garijo | Nina Timberlake | Petra Minder | Els Verhoeyen | Bruce Torbett,,,
hal-05040860,https://hal.science/hal-05040860v1,Engineering of α-PD-1 antibody-expressing long-lived plasma cells by CRISPR/Cas9-mediated targeted gene integration,10.1038/s41419-020-03187-1,Cell Death and Disease,2020,2026-07-17T10:20:13Z,2026-07-17T10:20:13Z,CIRI-EVIR | CIRI | ENS de Lyon | UCBL | UJM | UJM EPE | INSERM | CNRS | C3M | UNS | UniCA,Baohong Luo | Yikang Zhan | Minqi Luo | Huimin Dong | Jun Liu | Yingtong Lin | Junsong Zhang | Guanwen Wang | Els Verhoeyen | Yiwen Zhang | Hui Zhang,,,
hal-05040876,https://hal.science/hal-05040876v1,An optimized measles virus glycoprotein-pseudotyped lentiviral vector production system to promote efficient transduction of human primary B cells,10.1016/j.xpro.2022.101228,STAR Protocols,2022,2026-07-17T10:20:13Z,2026-07-17T10:20:13Z,CIRI-EVIR | CIRI | ENS de Lyon | UCBL | UJM | UJM EPE | INSERM | CNRS | C3M | UNS | UniCA,Eirini Vamva | Stosh Ozog | Els Verhoeyen | Richard James | David Rawlings | Bruce Torbett,,,
hal-05040877,https://hal.science/hal-05040877v1,Genetic in vivo engineering of human T lymphocytes in mouse models,10.1038/s41596-021-00510-8,Nature Protocols,2021,2026-07-17T10:18:41Z,2026-07-17T10:18:41Z,EPI | CIRI-EVIR | CIRI | ENS de Lyon | UCBL | UJM | UJM EPE | INSERM | CNRS | C3M | UNS | UniCA,Tatjana Weidner | Shiwani Agarwal | Séverine Perian | Floriane Fusil | Gundula Braun | Jessica Hartmann | Els Verhoeyen | Christian Buchholz,,,
hal-05040870,https://hal.science/hal-05040870v1,CLEC12B Is a Melanocytic Gene Regulating the Color of the Skin,10.1016/j.jid.2021.08.450,Journal of Investigative Dermatology,2022,2026-07-07T15:38:14Z,2026-07-07T15:38:14Z,CIRI-EVIR | CIRI | ENS de Lyon | UCBL | UJM | UJM EPE | INSERM | CNRS | C3M | UNS | UniCA,Laura Sormani | Henri Montaudie | Lauriane Blot | Marjorie Heim | Nathalie Cardot Leccia | Rana Mhaidly | Els Verhoeyen | Claire Regazzetti | Nicolas Nottet | Yann Cheli | Gian Marco de Donatis | Anne Sophie Dabert Gay | Delphine Debayle | Hélène Taquin Martin | Franck Gesbert | Stéphane Rocchi | Meri Tulic | Thierry Passeron,,,
hal-04779482,https://hal.science/hal-04779482v1,Maternal TGF-β ligand Panda breaks the radial symmetry of the sea urchin embryo by antagonizing the Nodal type II receptor ACVRII,10.1371/journal.pbio.3002701,PLoS Biology,2024,2026-07-02T11:11:16Z,2026-07-02T11:11:16Z,IBV | UNS | INSERM | CNRS | UniCA,Praveen Kumar Viswanathan | Aline Chessel | Maria Dolores Molina | Emmanuel Haillot | Thierry Lepage,,,Primary mesenchymal cell | Approximate likelihood ratio test | Hpf | Hours post fertilization | PBS | Phosphate buffer saline | PMC | Phosphate buffer saline PMC | Hours post fertilization PBS | Approximate likelihood ratio test hpf | ALRT
hal-04761327,https://hal.science/hal-04761327v1,Golgi-associated retrograde protein (GARP) complex-dependent endosomes to trans Golgi network retrograde trafficking is controlled by Rab4b,10.1186/s11658-024-00574-w,Cellular and Molecular Biology Letters,2024,2026-07-02T10:13:44Z,2026-07-02T10:13:44Z,C3M | UNS | INSERM | UniCA,Jérôme Gilleron | Abderrahman Chafik | Sandra Lacas-Gervais | Jean-François Tanti | Mireille Cormont,,,
hal-05065428,https://hal.science/hal-05065428v1,Time-lapse 3D image datasets of spruce tree wood enzymatic deconstruction,10.1016/j.dib.2025.111618,Data in Brief,2025,2026-07-02T10:06:18Z,2026-07-02T10:06:18Z,FARE | URCA | INRAE | MORPHEME | Inria | IBV | UNS | INSERM | CNRS | UniCA | Laboratoire I3S - SIS | I3S,Solmaz Hossein Khani | Noah Remy | Khadidja Ould Amer | Berangère Lebas | Anouck Habrant | Grégoire Malandain | Gabriel Paës | Yassin Refahi,10.5281/zenodo.14547356,Zenodo,Plant cell wall | Hydrolysis | Recalcitrance | Image processing | Microscale 4D space + time imaging
hal-05456720,https://hal.science/hal-05456720v1,RNP components condense into repressive RNP granules in the aging brain,10.1038/s41467-022-30066-4,Nature Communications,2022,2026-07-02T10:05:29Z,2026-07-02T10:05:29Z,IBV | UNS | INSERM | CNRS | UniCA,Kavya Vinayan Pushpalatha | Mathilde Solyga | Akira Nakamura | Florence Besse,,,
hal-04196362,https://hal.science/hal-04196362v1,Notes on Some of the Abbasid Amphorae of Istabl ʿAntar-Fustat (Egypt),10.2307/1357688,Bulletin of the American Schools of Oriental Research,2002,2026-06-06T09:16:32Z,2026-06-06T09:16:32Z,ArScAn | UP1 | UP8 | UPN | MCC | CNRS | UB | UBM | CEPAM | UNS,Christine Vogt | Guy Bourgeois | Max Schvoerer | Philippe Gouin | Michel Girard | Stéphanie Thiébault,,,
hal-05239495,https://hal.science/hal-05239495v2,LUNDIsim : model meshes for flow simulation and scientific data compression benchmarks,10.1002/gdj3.70030,Geoscience Data Journal,2025,2026-06-01T14:28:06Z,2026-06-01T14:28:06Z,IFPEN | Laboratoire I3S - SIS | I3S | UNS | CNRS | UniCA,Laurent Duval | Frédéric Payan | Christophe Preux | Lauriane Bouard,10.5281/zenodo.14641958,Zenodo,Flow simulation | Geoscience | Volume mesh | Open data | Compression | HexaShrink | Geology | Simulation | Volumic model mesh | Reservoir engineering | Scientific data
hal-05028312,https://hal.inrae.fr/hal-05028312v1,CAMELS-FR dataset: a large-sample hydroclimatic dataset for France to explore hydrological diversity and support model benchmarking,10.5194/essd-17-1461-2025,Earth System Science Data,2025,2026-05-12T17:02:04Z,2026-05-12T17:02:04Z,UR HYCAR | INRAE | GEOAZUR 7329 | INSU - CNRS | UniCA | CNRS | IRD [Occitanie] | IRD | ENS Rennes | GR | UR | SCHAPI,Olivier Delaigue | Guilherme Mendoza Guimarães | Pierre Brigode | Benoît Génot | Charles Perrin | Jean-Michel Soubeyroux | Bruno Janet | Nans Addor | Vazken Andréassian,10.57745/wh7fjr | 10.57745/hbqwp5 | 10.57745/kk2svj,Recherche Data Gouv | Recherche Data Gouv | Recherche Data Gouv,Dataset | CAMELS-FR | Jeu de données
hal-04182535,https://hal.inrae.fr/hal-04182535v1,WCSdb: a database of wild <i>Coffea</i> species,10.1093/database/baaa069,Database - The journal of Biological Databases and Curation,2020,2026-05-12T17:02:03Z,2026-05-12T17:02:03Z,UMR DIADE | Cirad | UM | CNRS | IRD [Occitanie] | IRD | ZENITH | LIRMM | Inria | FOFIFA | CCRI | UMR AMAP,Romain Guyot | Perla Hamon | Emmanuel Couturon | Nathalie Raharimalala | Jean-Jacques Rakotomalala | Sreenath Lakkanna | Sylvie-Annabel Sabatier | Antoine Affouard | Pierre Bonnet,http://publish.plantnet-project.org/project/wildcofdb_en,,
hal-02667917,https://hal.inrae.fr/hal-02667917v1,QDD: a user-friendly program to select microsatellite markers and design primers from large sequencing projects,10.1093/bioinformatics/btp670,Bioinformatics,2010,2026-05-12T17:02:03Z,2026-05-12T17:02:03Z,IMEP | AU | CNRS | IBSV | INRA | UNS | UMR CBGP | Cirad | Montpellier SupAgro | UM | IRD [Occitanie] | IRD,Emese Meglécz | Caroline Costedoat | Vincent Dubut | André Gilles | Thibaut Malausa | Nicolas Pech | Jean-François Martin,https://oup.silverchair-cdn.com/oup/backfile/Content_public/Journal/bioinformatics/26/3/10.1093_bioinformatics_btp670/2/btp670_Supplementary_Data.zip,,Enriched DNA libraries | Pyrosequencing | Treatment of raw sequences | Open access program | QDD
hal-01897114,https://hal.science/hal-01897114v1,"A high space–time resolution dataset linking meteorological forcing and hydro-sedimentary response in a mesoscale Mediterranean catchment (Auzon) of the Ardèche region, France",10.5194/essd-9-221-2017,Earth System Science Data,2017,2026-05-07T09:44:27Z,2026-05-07T09:44:27Z,IGE | IRD | Grenoble INP | INSU - CNRS | CNRS | UGA [2016-2019] | Fédération OSUG | EPFL | UR HHLY | IRSTEA | CEMAGREF | UGA UFRM,Guillaume Nord | Brice Boudevillain | Alexis Berne | Flora Branger | Isabelle Braud | Guillaume Dramais | Simon Gérard | Jérôme Le Coz | Cédric Legout | Gilles Molinié | Joël van Baelen | Jean-Pierre Vandervaere | Julien Andrieu | Coralie Aubert | Martin Calianno | Guy Delrieu | Jacopo Grazioli | Sahar Hachani | Ivan Horner | Jessica Huza | Raphaël Le Boursicaud | Timothy Raupach | Adriaan Teuling | Magdalena Uber | Béatrice Vincendon | Annette Wijbrans,10.57745/j2a44q,Recherche Data Gouv,AUZON | ZABR - SITE RIVIERES CEVENOLES
hal-05040872,https://hal.science/hal-05040872v1,Tumor cell-derived IL-10 promotes cell-autonomous growth and immune escape in diffuse large B-cell lymphoma,10.1080/2162402X.2021.2003533,OncoImmunology,2021,2026-04-23T14:50:06Z,2026-04-23T14:50:06Z,CIRI-EVIR | CIRI | ENS de Lyon | UCBL | UJM | UJM EPE | INSERM | CNRS | C3M | UNS | UniCA,Kristin Stirm | Peter Leary | Katrin Bertram | Nicolás Gonzalo Núñez | Daria Wüst | Christophe Boudesco | Els Verhoeyen | Thorsten Zenz | Burkhard Becher | Thomas Menter | Alexandar Tzankov | Anne Müller,,,
hal-05040868,https://hal.science/hal-05040868v1,Optimisation of a primary human CAR‐NK cell manufacturing pipeline,10.1002/cti2.1507,Clinical and Translational Immunology,2024,2026-04-23T14:50:06Z,2026-04-23T14:50:06Z,CIRI-EVIR | CIRI | ENS de Lyon | UCBL | UJM | UJM EPE | INSERM | CNRS | C3M | UNS | UniCA,Aline Pfefferle | Julian Contet | Kahlia Wong | Charlotte Chen | Els Verhoeyen | Chloe Slichter | Kimberly Schluns | Joseph Cursons | Richard Berry | Iva Nikolic | Jai Rautela | Nicholas Huntington,,,
hal-05040846,https://hal.science/hal-05040846v1,NK cells enhance CAR-T cell antitumor efficacy by enhancing immune/tumor cells cluster formation and improving CAR-T cell fitness,10.1136/jitc-2021-002866,Journal for Immunotherapy of Cancer,2021,2026-04-23T14:50:06Z,2026-04-23T14:50:06Z,CIRI-EVIR | CIRI | ENS de Lyon | UCBL | UJM | UJM EPE | INSERM | CNRS | UniCA,Mireia Bachiller | Lorena Perez-Amill | Anthony Matthew Battram | Sebastian Ciro Carné | Amer Najjar | Els Verhoeyen | Manel Juan | Alvaro Urbano-Ispizua | Beatriz Martin-Antonio,,,
hal-05040855,https://hal.science/hal-05040855v1,In vivo CAR T cell therapy against angioimmunoblastic T cell lymphoma,10.1186/s13046-024-03179-5,Journal of experimental & clinical cancer research,2024,2026-04-23T14:50:06Z,2026-04-23T14:50:06Z,CIRI-EVIR | CIRI | ENS de Lyon | UCBL | UJM | UJM EPE | INSERM | CNRS | C3M | UNS | UniCA,Adrien Krug | Aymen Saidane | Chiara Martinello | Floriane Fusil | Alexander Michels | Christian Buchholz | Jean-Ehrland Ricci | Els Verhoeyen,,,
hal-05040869,https://hal.science/hal-05040869v1,Genome-wide CRISPR-Cas9 screen identifies rationally designed combination therapies for CRLF2- rearranged Ph-like ALL,10.1182/blood.2021012976,Blood,2022,2026-04-23T14:50:06Z,2026-04-23T14:50:06Z,CIRI-EVIR | CIRI | ENS de Lyon | UCBL | UJM | UJM EPE | INSERM | CNRS | C3M | UNS | UniCA,Kensuke Sasaki | Takuji Yamauchi | Yuichiro Semba | Jumpei Nogami | Hiroshi Imanaga | Tatsuya Terasaki | Fumihiko Nakao | Koshi Akahane | Takeshi Inukai | Els Verhoeyen | Koichi Akashi | Takahiro Maeda,,,
hal-05040848,https://hal.science/hal-05040848v1,Efficient and Robust NK-Cell Transduction With Baboon Envelope Pseudotyped Lentivector,10.3389/fimmu.2019.02873,Frontiers in Immunology,2019,2026-04-23T14:50:06Z,2026-04-23T14:50:06Z,CIRI-EVIR | CIRI | ENS de Lyon | UCBL | UJM | UJM EPE | INSERM | CNRS | UniCA,Aurelien Colamartino | William Lemieux | Panojot Bifsha | Simon Nicoletti | Nitin Chakravarti | Joaquín Sanz | Hugo Roméro | Silvia Selleri | Kathie Béland | Mélanie Guiot | Camille Tremblay-Laganière | Renée Dicaire | Luis Barreiro | Dean Lee | Els Verhoeyen | Elie Haddad,,,
hal-05040864,https://hal.science/hal-05040864v1,Combination of PKCδ Inhibition with Conventional TKI Treatment to Target CML Models,10.3390/cancers13071693,Cancers,2021,2026-04-23T14:50:06Z,2026-04-23T14:50:06Z,CIRI-EVIR | CIRI | ENS de Lyon | UCBL | UJM | UJM EPE | INSERM | CNRS | C3M | UNS | UniCA,Fabien Muselli | Lucas Mourgues | Rita Morcos | Nathalie Rochet | Marielle Nebout | Agnès Guerci-Bresler | Douglas Faller | Robert William | Rana Mhaidly | Els Verhoeyen | Laurence Legros | Jean-François Peyron | Didier Mary,,,
hal-03935275,https://inria.hal.science/hal-03935275v1,Weaving Synchronous Reactions into the Fabric of SSA-form Compilers,10.1145/3506706,ACM Transactions on Architecture and Code Optimization,2022,2026-04-15T11:10:12Z,2026-04-15T11:10:12Z,KAIROS | Inria | Laboratoire I3S - COMRED | I3S | UNS | CNRS | UniCA,Hugo Pompougnac | Ulysse Beaugnon | Albert Cohen | Dumitru Potop Butucaru,,,
hal-04387090,https://hal.inrae.fr/hal-04387090v1,Visible – Near infrared hyperspectral dataset of healthy and infected apple tree leaves images for the monitoring of apple fire blight,10.1016/j.dib.2023.109532,Data in Brief,2023,2026-04-15T11:10:12Z,2026-04-15T11:10:12Z,UMR ITAP | INRAE | Institut Agro | CTIFL | ZENITH | Inria | LIRMM | UPVD | CNRS | UM | UMPV,Belal Gaci | Florent Abdelghafour | Maxime Ryckewaert | Sílvia Mas Garcia | Marine Louargant | Florence Verpont | Yohana Laloum | Aude Moronvalle | Ryad Bendoula | Jean-Michel J. -M. Roger,,,Epidemiological monitoring | Fire blight on apple trees | Disease detection | Hyperspectral images
hal-05403521,https://hal.science/hal-05403521v1,Mode-locking via delayed orthogonal-polarization reinjection in semiconductor VCSELs,10.1364/OL.565396,Optics Letters,2025,2026-04-15T11:10:12Z,2026-04-15T11:10:12Z,UniCA,Tao Wang | Yixing Ma | Zhibo Li | Juncheng Huang | Yiheng Li | Zhicong Tu | Yahui Zhang | Gang Xu | Stéphane Barland | Shuiying Xiang | Yue Hao,,,
hal-05166938,https://hal.science/hal-05166938v1,CyberAgressionAdo-Large: French Multiparty Chat Dataset to Address Online Hate,,Revue TAL : traitement automatique des langues,2024,2026-04-15T11:10:12Z,2026-04-15T11:10:12Z,CNRS | MARIANNE | Inria | Laboratoire I3S - SPARKS | I3S | UNS | UniCA | UNITO,Anaïs Ollagnier | Elena Cabrio | Serena Villata | Valerio Basile,https://zenodo.org/records/14770265,,Multiparty chats | Cyber-aggression | Annotation scheme | Cyber-agression | Conversation multipartites | Schéma d'annotation
hal-04679054,https://hal.inrae.fr/hal-04679054v1,Comparative histopathology of virulent and avirulent Meloidogyne javanica populations on susceptible and resistant tomato plants,10.3389/fpls.2024.1425336,Frontiers in Plant Science,2024,2026-04-15T11:10:12Z,2026-04-15T11:10:12Z,UFSM | CENARGEN | Embrapa | UnB | UFPel | MAPA | ISA | UNS | CNRS | INRAE | UniCA,Márcia Gabriel | Marcilene F A Santos | Vanessa S Mattos | Ana Cristina M. M. Gomes | Sheila F de Almeida | Philippe Castagnone-Sereno | Leonardo S Boiteux | Juvenil E Cares | Regina M D G Carneiro,,,Solanum lycopersicum S peruvianum Mi-12 gene hypersensitivity reaction HR  realce root-knot nematode | Solanum lycopersicum | S peruvianum | Mi-12 gene | Hypersensitivity reaction HR  realce | Root-knot nematode
hal-05283851,https://hal.science/hal-05283851v1,APP fragment controls both ionotropic and non-ionotropic signaling of NMDA receptors,10.1016/j.neuron.2024.05.027,Neuron,2024,2026-04-15T11:10:12Z,2026-04-15T11:10:12Z,IPMC | UNS | CNRS | UniCA | IINS | UB,Jade Dunot | Sebastien Moreno | Carine Gandin | Paula A Pousinha | Mascia Amici | Julien Dupuis | Margarita Anisimova | Alex Winschel | Magalie Uriot | Samuel J Petshow | Maria Mensch | Ingrid Bethus | Camilla Giudici | Heike Hampel | Benedikt Wefers | Wolfgang Wurst | Ronald Naumann | Michael C Ashby | Bodo Laube | Karen Zito | Jack R Mellor | Laurent Groc | Michael Willem | Hélène Marie,,,
hal-05513071,https://cnrs.hal.science/hal-05513071v1,Presenilins as hub proteins controlling the endocytic and autophagic pathways and small extracellular vesicle secretion,10.1002/jev2.70019,Journal of Extracellular Vesicles,2025,2026-04-15T11:10:11Z,2026-04-15T11:10:11Z,IPMC | UNS | CNRS | UniCA | IPNP - U1266 Inserm | INSERM | UPCité | CCMA,Inger Lauritzen | Anaïs Bini | Anaïs Bécot | Anne‐sophie Gay | Céline Badot | Sophie Pagnotta | Mounia Chami | Frédéric Checler,,,
hal-03762060,https://hal.inrae.fr/hal-03762060v1,Dual-transcriptomic datasets evaluating the effect of the necrotrophic fungus Alternaria brassicicola on Arabidopsis germinating seeds,10.1016/j.dib.2022.108530,Data in Brief,2022,2026-04-15T11:10:11Z,2026-04-15T11:10:11Z,IRHS | UA | INRAE | Institut Agro | UNS UFR Médecine | UNS,Mailen Ortega-Cuadros | Laurine Chir | Sophie Aligon | Tatiana Arias | Jerome Verdier | Philippe Grappin,https://www.ncbi.nlm.nih.gov/geo/query/acc.cgi?acc=GSE199977,,Germination | Seed defense response | Alternaria brassicicola | RNA-seq | Plant-pathogen interaction | Dual-transcriptomics | Arabidopsis thaliana
hal-04993576,https://hal.science/hal-04993576v1,Consensus Paper: Current Perspectives on Abstract Concepts and Future Research Directions,10.5334/joc.238,Journal of Cognition,2023,2026-04-15T11:10:11Z,2026-04-15T11:10:11Z,UNIROMA | BCL | UNS | CNRS | UniCA | IRCCS | UniBs,Briony Banks | Anna Borghi | Raphaël Fargier | Chiara Fini | Domicele Jonauskaite | Claudia Mazzuca | Martina Montalti | Caterina Villani | Greg Woodin,,,
