doi,repository,object_kind,publisher,landing_url,landing_host,prefix,client_id,title,error
10.1002/essoar.10504330.1,Unknown (DOI not in DataCite),unresolved,,,,,,,not_found
10.1002/fld.3741,Unknown (DOI not in DataCite),unresolved,,,,,,,not_found
10.1002/minf.202000081,Unknown (DOI not in DataCite),unresolved,,,,,,,not_found
10.1002/mop.11193,Unknown (DOI not in DataCite),unresolved,,,,,,,not_found
10.1002/mop.20327,Unknown (DOI not in DataCite),unresolved,,,,,,,not_found
10.1002/mop.26160,Unknown (DOI not in DataCite),unresolved,,,,,,,not_found
10.1007/3-540-44583-8_20,Unknown (DOI not in DataCite),unresolved,,,,,,,not_found
10.1007/8415_2012_125,Unknown (DOI not in DataCite),unresolved,,,,,,,not_found
10.1007/978-3-030-10475-7_28-1,Unknown (DOI not in DataCite),unresolved,,,,,,,not_found
10.1007/978-3-030-47102-6_2,Unknown (DOI not in DataCite),unresolved,,,,,,,not_found
10.1007/978-3-030-52482-1_16,Unknown (DOI not in DataCite),unresolved,,,,,,,not_found
10.1007/978-3-030-66560-9_5,Unknown (DOI not in DataCite),unresolved,,,,,,,not_found
10.1007/978-3-030-84141-6_3,Unknown (DOI not in DataCite),unresolved,,,,,,,not_found
10.1007/978-3-030-87432-2_6,Unknown (DOI not in DataCite),unresolved,,,,,,,not_found
10.1007/978-3-031-62700-2_22,Unknown (DOI not in DataCite),unresolved,,,,,,,not_found
10.1007/978-3-031-81900-1_5,Unknown (DOI not in DataCite),unresolved,,,,,,,not_found
10.1007/978-3-319-28712-6_21,Unknown (DOI not in DataCite),unresolved,,,,,,,not_found
10.1007/978-3-319-75541-0,Unknown (DOI not in DataCite),unresolved,,,,,,,not_found
10.1007/978-3-319-89641-0_2,Unknown (DOI not in DataCite),unresolved,,,,,,,not_found
10.1007/978-3-642-13193-6_39,Unknown (DOI not in DataCite),unresolved,,,,,,,not_found
10.1007/978-3-662-58664-8,Unknown (DOI not in DataCite),unresolved,,,,,,,not_found
10.1007/978-981-19-3394-3_70,Unknown (DOI not in DataCite),unresolved,,,,,,,not_found
10.1007/s00134-024-07600-7,Unknown (DOI not in DataCite),unresolved,,,,,,,not_found
10.1007/s00180-024-01501-5,Unknown (DOI not in DataCite),unresolved,,,,,,,not_found
10.1007/s00205-017-1131-2,Unknown (DOI not in DataCite),unresolved,,,,,,,not_found
10.1007/s00362-018-01082-8,Unknown (DOI not in DataCite),unresolved,,,,,,,not_found
10.1007/s00362-023-01423-2,Unknown (DOI not in DataCite),unresolved,,,,,,,not_found
10.1007/s10115-016-0953-9,Unknown (DOI not in DataCite),unresolved,,,,,,,not_found
10.1007/s10766-005-6466-x,Unknown (DOI not in DataCite),unresolved,,,,,,,not_found
10.1007/s10851-022-01107-w,Unknown (DOI not in DataCite),unresolved,,,,,,,not_found
10.1007/s10851-022-01110-1,Unknown (DOI not in DataCite),unresolved,,,,,,,not_found
10.1007/s10878-010-9332-8,Unknown (DOI not in DataCite),unresolved,,,,,,,not_found
10.1007/s10955-020-02598-w,Unknown (DOI not in DataCite),unresolved,,,,,,,not_found
10.1007/s11071-019-05344-4,Unknown (DOI not in DataCite),unresolved,,,,,,,not_found
10.1007/s11238-019-09697-5,Unknown (DOI not in DataCite),unresolved,,,,,,,not_found
10.1007/s40509-022-00286-w,Unknown (DOI not in DataCite),unresolved,,,,,,,not_found
10.1007/s42452-020-3122-4,Unknown (DOI not in DataCite),unresolved,,,,,,,not_found
10.1016/esmoop/esmoop103010,Unknown (DOI not in DataCite),unresolved,,,,,,,not_found
10.1016/j.aim.2017.01.016,Unknown (DOI not in DataCite),unresolved,,,,,,,not_found
10.1016/j.dam.2024.08.001,Unknown (DOI not in DataCite),unresolved,,,,,,,not_found
10.1016/j.dib.2018.09.034,Unknown (DOI not in DataCite),unresolved,,,,,,,not_found
10.1016/j.ecoinf.2018.07.006,Unknown (DOI not in DataCite),unresolved,,,,,,,not_found
10.1016/j.jlamp.2020.100606,Unknown (DOI not in DataCite),unresolved,,,,,,,not_found
10.1016/j.respol.2018.07.021,Unknown (DOI not in DataCite),unresolved,,,,,,,not_found
10.1016/j.respol.2020.104077,Unknown (DOI not in DataCite),unresolved,,,,,,,not_found
10.1016/j.tca.2020.178597,Unknown (DOI not in DataCite),unresolved,,,,,,,not_found
10.1017/9781009208550.018,Unknown (DOI not in DataCite),unresolved,,,,,,,not_found
10.1017/etds.2021.75,Unknown (DOI not in DataCite),unresolved,,,,,,,not_found
10.1038/nn1940,Unknown (DOI not in DataCite),unresolved,,,,,,,not_found
10.1038/s41591-023-02327-2,Unknown (DOI not in DataCite),unresolved,,,,,,,not_found
10.1038/srep27036,Unknown (DOI not in DataCite),unresolved,,,,,,,not_found
10.1044/1092-4388(2011/10-0286,Unknown (DOI not in DataCite),unresolved,,,,,,,not_found
10.1051/proc/202171100,Unknown (DOI not in DataCite),unresolved,,,,,,,not_found
10.1075/z.194,Unknown (DOI not in DataCite),unresolved,,,,,,,not_found
10.1093/gji/ggac263,Unknown (DOI not in DataCite),unresolved,,,,,,,not_found
10.1093/icc/dtab009,Unknown (DOI not in DataCite),unresolved,,,,,,,not_found
10.1093/icc/dtm006,Unknown (DOI not in DataCite),unresolved,,,,,,,not_found
10.1101/2021.03.02.433228,Unknown (DOI not in DataCite),unresolved,,,,,,,not_found
10.1101/273557,Unknown (DOI not in DataCite),unresolved,,,,,,,not_found
10.1109/ACSSC.2018.8645158,Unknown (DOI not in DataCite),unresolved,,,,,,,not_found
10.1109/AP-S/USNC-URSI47032.2022.9886510,Unknown (DOI not in DataCite),unresolved,,,,,,,not_found
10.1109/APUSNCURSINRSM.2018.8608497,Unknown (DOI not in DataCite),unresolved,,,,,,,not_found
10.1109/CAMA.2018.8530618,Unknown (DOI not in DataCite),unresolved,,,,,,,not_found
10.1109/EFTF/IFCS54560.2022.9850611,Unknown (DOI not in DataCite),unresolved,,,,,,,not_found
10.1109/HPCC.2012.128,Unknown (DOI not in DataCite),unresolved,,,,,,,not_found
10.1109/HSC.1998.666242,Unknown (DOI not in DataCite),unresolved,,,,,,,not_found
10.1109/ICIP40778.2020.9191331,Unknown (DOI not in DataCite),unresolved,,,,,,,not_found
10.1109/ICUWB.2013.6663842,Unknown (DOI not in DataCite),unresolved,,,,,,,not_found
10.1109/ICWITS.2010.5611891,Unknown (DOI not in DataCite),unresolved,,,,,,,not_found
10.1109/IEEECONF35879.2020.9329452,Unknown (DOI not in DataCite),unresolved,,,,,,,not_found
10.1109/IJCNN55064.2022.9892618,Unknown (DOI not in DataCite),unresolved,,,,,,,not_found
10.1109/ISBI48211.2021.9434013,Unknown (DOI not in DataCite),unresolved,,,,,,,not_found
10.1109/MWSYM.2018.8439335,Unknown (DOI not in DataCite),unresolved,,,,,,,not_found
10.1109/TGRS.2020.2980417,Unknown (DOI not in DataCite),unresolved,,,,,,,not_found
10.1109/TIP.2021.3070193,Unknown (DOI not in DataCite),unresolved,,,,,,,not_found
10.1109/TMRB.2025.3590453,Unknown (DOI not in DataCite),unresolved,,,,,,,not_found
10.1109/TWC.2024.3404231,Unknown (DOI not in DataCite),unresolved,,,,,,,not_found
10.1109/WCNCW.2018.8369018,Unknown (DOI not in DataCite),unresolved,,,,,,,not_found
10.1109/ijcnn52387.2021.9533514,Unknown (DOI not in DataCite),unresolved,,,,,,,not_found
10.1111/bjet.13091,Unknown (DOI not in DataCite),unresolved,,,,,,,not_found
10.1117/12.2643002,Unknown (DOI not in DataCite),unresolved,,,,,,,not_found
10.1137/15M102887X,Unknown (DOI not in DataCite),unresolved,,,,,,,not_found
10.1137/21M1391699,Unknown (DOI not in DataCite),unresolved,,,,,,,not_found
10.1137/21M1464336,Unknown (DOI not in DataCite),unresolved,,,,,,,not_found
10.1145/2464464,Unknown (DOI not in DataCite),unresolved,,,,,,,not_found
10.1145/3304112.3325610,Unknown (DOI not in DataCite),unresolved,,,,,,,not_found
10.1145/3545611,Unknown (DOI not in DataCite),unresolved,,,,,,,not_found
10.11606/extraprensa2021.188937,Unknown (DOI not in DataCite),unresolved,,,,,,,not_found
10.1163/15685322-10703012,Unknown (DOI not in DataCite),unresolved,,,,,,,not_found
10.1177/19462174251330980,Unknown (DOI not in DataCite),unresolved,,,,,,,not_found
10.12686/SED/NETWORKS/XP,ETH Zurich,dataset_repo,ETH Zurich,http://networks.seismo.ethz.ch/networks/9s/,networks.seismo.ethz.ch,10.12686,ethz.sed,Temporary deployments in Switzerland associated with landslides,
10.1287/orsc.2021.1535,Unknown (DOI not in DataCite),unresolved,,,,,,,not_found
10.13140/2.1.3009.6009,Unpublished,dataset_repo,Unpublished,https://www.researchgate.net/doi/10.13140/2.1.3009.6009,researchgate.net,10.13140,rg.rg,"Bioreactor shape optimization Modeling, simulation, and shape optimization of a simple bioreactor for water treatment",
10.13140/RG.2.2.10953.16489,Unpublished,dataset_repo,Unpublished,https://www.researchgate.net/doi/10.13140/RG.2.2.10953.16489,researchgate.net,10.13140,rg.rg,Analyse d'activités d'apprentissage médiatisées en robotique pédagogique,
10.13140/RG.2.2.27223.01441,Unpublished,dataset_repo,Unpublished,https://www.researchgate.net/doi/10.13140/RG.2.2.27223.01441,researchgate.net,10.13140,rg.rg,From Wireless Networks to Green IT - A Journey Through Stochastic Models and Tools,
10.13144/lil-0167,Progedo-Adisp,dataset_repo,Progedo-Adisp,https://data.progedo.fr/studies/doi/10.13144/lil-0167,data.progedo.fr,10.13144,inist.adisp,Génération 1998 - Interrogation à 3 ans - 2001,
10.13155/106081,Ifremer,dataset_repo,Ifremer,https://archimer.ifremer.fr/doc/00949/106081/,archimer.ifremer.fr,10.13155,inist.ifremer,SCO BIOEOS. Apport de la fusion hyperspectrale multi-resolution pour caractériser les fonds coralliens,
10.13155/106102,Ifremer,dataset_repo,Ifremer,https://archimer.ifremer.fr/doc/00949/106102/,archimer.ifremer.fr,10.13155,inist.ifremer,"Projet SCO-BioEOS, Suivi des Variables Essentielles de la Biodiversité côtière : Mise en Oeuvre sur le Site Pilote de La Réunion",
10.1371/journal.pcbi.1010962,Unknown (DOI not in DataCite),unresolved,,,,,,,not_found
10.1371/journal.pgen.1006777,Unknown (DOI not in DataCite),unresolved,,,,,,,not_found
10.1504/IJEIM.2020.110100,Unknown (DOI not in DataCite),unresolved,,,,,,,not_found
10.15148/7d5e2f17-bad6-4ac3-87e2-84888d0d6699,OSU OREME,dataset_repo,OSU OREME,https://data.oreme.org/doi/view/7d5e2f17-bad6-4ac3-87e2-84888d0d6699,data.oreme.org,10.15148,inist.oreme,DAS and pressure sensor datasets for the reconstruction of nearshore surface gravity wave spectrum from Distributed Acoustic Sensing time series,
10.15454/0AFUU9,Recherche Data Gouv,dataset_repo,Portail Data INRAE,https://data.inrae.fr/citation?persistentId=doi:10.15454/0AFUU9,data.inrae.fr,10.15454,rdg.prod,"Data associated with ""Food and habitat supplementation promotes predatory mites and enhances pest control"" by Etienne L., Bresch C., van Oudenhove L. and Mailleret L. To appear in ""Biological Control""",
10.15454/9Z4PS3,Recherche Data Gouv,dataset_repo,Recherche Data Gouv,https://entrepot.recherche.data.gouv.fr/citation?persistentId=doi:10.15454/9Z4PS3,entrepot.recherche.data.gouv.fr,10.15454,rdg.prod,Capex ontology,
10.15454/AIF6TX,Recherche Data Gouv,dataset_repo,Recherche Data Gouv,https://entrepot.recherche.data.gouv.fr/citation?persistentId=doi:10.15454/AIF6TX,entrepot.recherche.data.gouv.fr,10.15454,rdg.prod,PO2 Biorefinery Ontology,
10.15454/AY4LMT,Recherche Data Gouv,dataset_repo,Portail Data INRAE,https://data.inrae.fr/citation?persistentId=doi:10.15454/AY4LMT,data.inrae.fr,10.15454,rdg.prod,BRC “Egg Parasitoids Collection” (EP-Coll),
10.15454/D3ODJM,Recherche Data Gouv,dataset_repo,Portail Data INRAE,https://data.inrae.fr/citation?persistentId=doi:10.15454/D3ODJM,data.inrae.fr,10.15454,rdg.prod,"Colisa, the collection of ichthyological samples.",
10.15454/D6XAKL,Recherche Data Gouv,dataset_repo,Recherche Data Gouv,https://entrepot.recherche.data.gouv.fr/citation?persistentId=doi:10.15454/D6XAKL,entrepot.recherche.data.gouv.fr,10.15454,rdg.prod,CBGP - Continental Arthropod Collection,
10.15454/DC9PYL,Recherche Data Gouv,dataset_repo,INRA,https://data.inrae.fr/citation?persistentId=doi:10.15454/DC9PYL,data.inrae.fr,10.15454,rdg.prod,Consumer perception data about food packaging functionalities for fresh strawberries - Plastic rigid lid consumers’ arguments,
10.15454/DLDJVF,Recherche Data Gouv,dataset_repo,Portail Data INRAE,https://data.inrae.fr/citation?persistentId=doi:10.15454/DLDJVF,data.inrae.fr,10.15454,rdg.prod,"TE-related genes: annotation, characterisation, and expression.",
10.15454/DPBMBW,Recherche Data Gouv,dataset_repo,Portail Data INRAE,https://data.inrae.fr/citation?persistentId=doi:10.15454/DPBMBW,data.inrae.fr,10.15454,rdg.prod,Agri-Food Experiment Ontology,
10.15454/E2VTRB,Recherche Data Gouv,dataset_repo,Portail Data INRAE,https://data.inrae.fr/citation?persistentId=doi:10.15454/E2VTRB,data.inrae.fr,10.15454,rdg.prod,Improvement of eukaryotic protein predictions from soil metagenomes,
10.15454/F4C8I0,Recherche Data Gouv,dataset_repo,INRA,https://data.inrae.fr/citation?persistentId=doi:10.15454/F4C8I0,data.inrae.fr,10.15454,rdg.prod,Consumer perception data about food packaging functionalities for fresh strawberries - Wood packaging consumers’ arguments,
10.15454/FEQ1Z6,Recherche Data Gouv,dataset_repo,Portail Data INRAE,https://data.inrae.fr/citation?persistentId=doi:10.15454/FEQ1Z6,data.inrae.fr,10.15454,rdg.prod,The discernible and hidden effects of clonality on the genotypic and genetic states of populations: improving our estimation of clonal rates,
10.15454/GMWB8Q,Recherche Data Gouv,dataset_repo,INRA,https://data.inrae.fr/citation?persistentId=doi:10.15454/GMWB8Q,data.inrae.fr,10.15454,rdg.prod,Consumer perception data about food packaging functionalities for fresh strawberries - Plastic with plastic film consumers’ arguments,
10.15454/GNBUFH,Recherche Data Gouv,dataset_repo,INRA,https://data.inrae.fr/citation?persistentId=doi:10.15454/GNBUFH,data.inrae.fr,10.15454,rdg.prod,Consumer perception data about food packaging functionalities for fresh strawberries - Consumers’ answers to poll for Wood packaging,
10.15454/HKIQFJ,Recherche Data Gouv,dataset_repo,INRA,https://data.inrae.fr/citation?persistentId=doi:10.15454/HKIQFJ,data.inrae.fr,10.15454,rdg.prod,Consumer perception data about food packaging functionalities for fresh strawberries - Consumers’ answers to poll for Plastic rigid lid,
10.15454/IHVM9P,Recherche Data Gouv,dataset_repo,INRA,https://data.inrae.fr/citation?persistentId=doi:10.15454/IHVM9P,data.inrae.fr,10.15454,rdg.prod,Consumer perception data about food packaging functionalities for fresh strawberries: consumers' answers to poll for Plastic not closed,
10.15454/IZJIT7,Recherche Data Gouv,dataset_repo,Recherche Data Gouv,https://entrepot.recherche.data.gouv.fr/citation?persistentId=doi:10.15454/IZJIT7,entrepot.recherche.data.gouv.fr,10.15454,rdg.prod,"Stakeholders' preferences survey about new technology acceptance and potential development for waste management in wine production in Languedoc Roussillon, France",
10.15454/L7QN45,INRAE (prefix 10.15454),other,INRAE,https://www2.dijon.inrae.fr/plateforme_genosol/,www2.dijon.inrae.fr,10.15454,rdg.prod,Soil Microbial Metagenomics Facility,
10.15454/NK24ID,Recherche Data Gouv,dataset_repo,Recherche Data Gouv,https://entrepot.recherche.data.gouv.fr/citation?persistentId=doi:10.15454/NK24ID,entrepot.recherche.data.gouv.fr,10.15454,rdg.prod,Matter Transfer Ontology,
10.15454/NM3WET,Recherche Data Gouv,dataset_repo,INRA,https://data.inrae.fr/citation?persistentId=doi:10.15454/NM3WET,data.inrae.fr,10.15454,rdg.prod,Consumer perception data about food packaging functionalities for fresh strawberries - Plastic not closed consumers’ arguments,
10.15454/RJKJBN,Recherche Data Gouv,dataset_repo,Portail Data INRAE,https://data.inrae.fr/citation?persistentId=doi:10.15454/RJKJBN,data.inrae.fr,10.15454,rdg.prod,Ontology for Food Processing Experiment,
10.15454/TRBJTB,Recherche Data Gouv,dataset_repo,Portail Data INRAE,https://data.inrae.fr/citation?persistentId=doi:10.15454/TRBJTB,data.inrae.fr,10.15454,rdg.prod,"BRC4Env, the Biological Resource Centre for the Environment",
10.15454/UBPOQG,Recherche Data Gouv,dataset_repo,INRA,https://data.inrae.fr/citation?persistentId=doi:10.15454/UBPOQG,data.inrae.fr,10.15454,rdg.prod,Consumer perception data about food packaging functionalities for fresh strawberries - Consumers’ answers to poll for Plastic with plastic film,
10.15454/UQEMVW,Recherche Data Gouv,dataset_repo,Portail Data Inra,https://carrtel-collection.hub.inrae.fr/,carrtel-collection.hub.inrae.fr,10.15454,rdg.prod,Thonon Culture Collection -TCC- a freshwater microalgae collection,
10.15454/VDNRH6,Recherche Data Gouv,dataset_repo,INRA,https://data.inrae.fr/citation?persistentId=doi:10.15454/VDNRH6,data.inrae.fr,10.15454,rdg.prod,Scientific arguments about food packaging functionalities for fresh strawberries - Food packaging expert’s arguments for all packagings,
10.15454/X2MOWO,Recherche Data Gouv,dataset_repo,Recherche Data Gouv,https://entrepot.recherche.data.gouv.fr/citation?persistentId=doi:10.15454/X2MOWO,entrepot.recherche.data.gouv.fr,10.15454,rdg.prod,Biorefinery ontology,
10.15454/XSVVBW,Recherche Data Gouv,dataset_repo,Recherche Data Gouv,https://entrepot.recherche.data.gouv.fr/citation?persistentId=doi:10.15454/XSVVBW,entrepot.recherche.data.gouv.fr,10.15454,rdg.prod,PO² Process and Observation Ontology,
10.15454/XVL4BA,Recherche Data Gouv,dataset_repo,Portail Data INRAE,https://data.inrae.fr/citation?persistentId=doi:10.15454/XVL4BA,data.inrae.fr,10.15454,rdg.prod,Preferences and justifications of NoAW stakeholders about the importance on LCA (Life Cycle Analysis) impact categories,
10.1561/109.00000019,Unknown (DOI not in DataCite),unresolved,,,,,,,not_found
10.15778/RESIF.FR,Epos-France Seismological Data Center,dataset_repo,Epos-France Seismological Data Center,https://seismology.epos-france.fr/networks/#/FR,seismology.epos-france.fr,10.15778,inist.resif,Epos-France Broad-band network (RLBP),
10.15778/resif.f1,Epos-France Seismological Data Center,dataset_repo,Epos-France Seismological Data Center,https://seismology.epos-france.fr/networks/#/F1,seismology.epos-france.fr,10.15778,inist.resif,Three underwater fiber-optic cables offshore of central Chile,
10.1594/PANGAEA.879469,PANGAEA,dataset_repo,PANGAEA,https://doi.pangaea.de/10.1594/PANGAEA.879469,doi.pangaea.de,10.1594,pangaea.repository,"Coseismic surface geological effects following the 30 October 2016 Mw 6.5 earthquake, central Italy",
10.16995/glossa.9842.s1,Unknown (DOI not in DataCite),unresolved,,,,,,,not_found
10.17596/0000155,JAMSTEC,dataset_repo,JAMSTEC,https://www.jamstec.go.jp/datadoi/doi/10.17596/0000155.html,jamstec.go.jp,10.17596,jamstec.jamstec,R/V KAIYO KY01-06 Leg1 Cruise Data,
10.17596/0000964,JAMSTEC,dataset_repo,JAMSTEC,https://www.jamstec.go.jp/datadoi/doi/10.17596/0000964.html,jamstec.go.jp,10.17596,jamstec.jamstec,R/V KAIREI KR01-08 Cruise Data,
10.17600/1080060,Sismer,dataset_repo,Sismer,https://campagnes.flotteoceanographique.fr/campagnes/1080060/,campagnes.flotteoceanographique.fr,10.17600,inist.ifremer,"SISMANTILLES 1 cruise,Le Nadir R/V",
10.17600/13010070,Sismer,dataset_repo,Sismer,https://campagnes.flotteoceanographique.fr/campagnes/13010070/,campagnes.flotteoceanographique.fr,10.17600,inist.ifremer,"ANTITHESIS LEG1 cruise,L'Atalante R/V",
10.17600/16001800,Sismer,dataset_repo,Sismer,https://campagnes.flotteoceanographique.fr/campagnes/16001800/,campagnes.flotteoceanographique.fr,10.17600,inist.ifremer,"CASEIS cruise,Pourquoi pas ? R/V",
10.17600/18000869,Sismer,dataset_repo,Sismer,https://campagnes.flotteoceanographique.fr/campagnes/18000869/,campagnes.flotteoceanographique.fr,10.17600,inist.ifremer,"ROV3G cruise,L'Europe R/V",
10.17600/18003361,Sismer,dataset_repo,Sismer,https://campagnes.flotteoceanographique.fr/campagnes/18003361/,campagnes.flotteoceanographique.fr,10.17600,inist.ifremer,"VT 181 / AMARYLLIS-AMAGAS I cruise,Marion Dufresne R/V",
10.17600/2010030,Sismer,dataset_repo,Sismer,https://campagnes.flotteoceanographique.fr/campagnes/2010030/,campagnes.flotteoceanographique.fr,10.17600,inist.ifremer,"CARAVAL cruise,L'Atalante R/V",
10.17600/7010010,Sismer,dataset_repo,Sismer,https://campagnes.flotteoceanographique.fr/campagnes/7010010/,campagnes.flotteoceanographique.fr,10.17600,inist.ifremer,"ANTIPLAC cruise,L'Atalante R/V",
10.17600/7010020,Sismer,dataset_repo,Sismer,https://campagnes.flotteoceanographique.fr/campagnes/7010020/,campagnes.flotteoceanographique.fr,10.17600,inist.ifremer,"SISMANTILLES 2 cruise,L'Atalante R/V",
10.17600/9020020,Sismer,dataset_repo,Sismer,https://campagnes.flotteoceanographique.fr/campagnes/9020020/,campagnes.flotteoceanographique.fr,10.17600,inist.ifremer,"GWADASEIS cruise,Le Suroît R/V",
10.17600/98010120,Sismer,dataset_repo,Sismer,https://campagnes.flotteoceanographique.fr/campagnes/98010120/,campagnes.flotteoceanographique.fr,10.17600,inist.ifremer,"AGUADOMAR cruise,L'Atalante R/V",
10.17605/OSF.IO/DEPUX,OSF,dataset_repo,OSF,https://osf.io/depux/,osf.io,10.17605,cos.osf,Brain Alignment,
10.17605/OSF.IO/F2T65,OSF,dataset_repo,OSF,https://osf.io/f2t65/,osf.io,10.17605,cos.osf,STIVi: Turning Perspective Sketching Videos into Interactive Tutorials,
10.17632/8mr86grhnk.1,Mendeley Data,dataset_repo,Mendeley Data,https://data.mendeley.com/datasets/8mr86grhnk/1,data.mendeley.com,10.17632,bl.mendeley,"U-Pb on syn-kinematic calcite, Pyrenees, France",
10.17632/jy6ww3hmyw,Unknown (DOI not in DataCite),unresolved,,,,,,,not_found
10.17632/tt7mfggc44.3,Mendeley Data,dataset_repo,Mendeley,https://data.mendeley.com/datasets/tt7mfggc44/3,data.mendeley.com,10.17632,bl.mendeley,Les enseignant(e)s et éducateur(trice)s pendant le confinement (Martinique),
10.17882/102942,SEANOE,dataset_repo,SEANOE,https://www.seanoe.org/data/00918/102942/,seanoe.org,10.17882,euvi.seanoe,"High-resolution seismic data from the CASEIS experiment: CAS016, CAS033, CAS036, CAS042, CAS062, CAS098, CAS104 and CAS105",
10.17882/102945,SEANOE,dataset_repo,SEANOE,https://www.seanoe.org/data/00918/102945/,seanoe.org,10.17882,euvi.seanoe,"Raw seismic data from the CASEIS experiment: CAS016, CAS033, CAS036, CAS042, CAS062, CAS098, CAS104 and CAS105",
10.17882/102946,SEANOE,dataset_repo,SEANOE,https://www.seanoe.org/data/00918/102946/,seanoe.org,10.17882,euvi.seanoe,Bathymetry compilation from the Lesser Antilles subduction zone: 100 m grid,
10.17882/102947,SEANOE,dataset_repo,SEANOE,https://www.seanoe.org/data/00918/102947/,seanoe.org,10.17882,euvi.seanoe,Sub-bottom high-resolution (CHIRP) profiles from the CASEIS experiment: CAS130 and CAS451,
10.17882/55128,SEANOE,dataset_repo,SEANOE,https://www.seanoe.org/data/00440/55128/,seanoe.org,10.17882,euvi.seanoe,ReefTEMPS : The Pacific Island coastal ocean observation network,
10.17882/70460,SEANOE,dataset_repo,SEANOE,http://www.seanoe.org/data/00592/70460/,seanoe.org,10.17882,euvi.seanoe,Globe (GLobal Oceanographic Bathymetry Explorer) Software,
10.17882/90284,SEANOE,dataset_repo,SEANOE,https://www.seanoe.org/data/00791/90284/,seanoe.org,10.17882,euvi.seanoe,AMORGOS-23 ME70 bathymetry and back-scatter data,
10.17882/97033,SEANOE,dataset_repo,SEANOE,https://www.seanoe.org/data/00858/97033/,seanoe.org,10.17882,euvi.seanoe,Sedimentary core CAS16-01PC dataset from CASEIS Cruise,
10.17882/97656,SEANOE,dataset_repo,SEANOE,https://www.seanoe.org/data/00865/97656/,seanoe.org,10.17882,euvi.seanoe,Sedimentary core CAS16-04PC dataset from CASEIS Cruise,
10.17882/97657,SEANOE,dataset_repo,SEANOE,https://www.seanoe.org/data/00865/97657/,seanoe.org,10.17882,euvi.seanoe,Sedimentary core CAS16-06PC dataset from CASEIS Cruise,
10.17882/97658,SEANOE,dataset_repo,SEANOE,https://www.seanoe.org/data/00865/97658/,seanoe.org,10.17882,euvi.seanoe,Sedimentary core CAS16-07PC dataset from CASEIS Cruise,
10.17882/97660,SEANOE,dataset_repo,SEANOE,https://www.seanoe.org/data/00865/97660/,seanoe.org,10.17882,euvi.seanoe,Sedimentary cores CAS16-03PC and CAS16-14PC dataset from CASEIS Cruise,
10.17882/97662,SEANOE,dataset_repo,SEANOE,https://www.seanoe.org/data/00865/97662/,seanoe.org,10.17882,euvi.seanoe,Sedimentary core CAS16-31PC dataset from CASEIS Cruise,
10.17882/99212,SEANOE,dataset_repo,SEANOE,https://www.seanoe.org/data/00880/99212/,seanoe.org,10.17882,euvi.seanoe,Near-bottom bathymetry and back-scatter data acquired with AUV IDEFX during the AMORGOS-22 cruise,
10.17882/99228,SEANOE,dataset_repo,SEANOE,https://www.seanoe.org/data/00880/99228/,seanoe.org,10.17882,euvi.seanoe,"3D textured Digital Outcrop Models along the Amorgos Fault scarp (Aegean Sea, Greece) - Dive 244-01 - AMORGOS-23 cruise",
10.17909/4qvz-sw62,STScI/MAST,dataset_repo,STScI/MAST,http://archive.stsci.edu/doi/resolve/resolve.html?doi=10.17909/4qvz-sw62,archive.stsci.edu,10.17909,stsci.mast,Data used in the JWST/MIRI paper on TWA7 ,
10.18112/openneuro.ds004786.v1.0.1,OpenNeuro,dataset_repo,OpenNeuro,https://openneuro.org/datasets/ds004786/versions/1.0.1,openneuro.org,10.18112,sul.openneuro,MorphoSem,
10.18715/GEOSCOPE.G,"Institut de physique du globe de Paris, Université Paris Cité",dataset_repo,"Institut de physique du globe de Paris, Université Paris Cité",http://geoscope.ipgp.fr/networks/detail/G/,geoscope.ipgp.fr,10.18715,inist.ipgp,"GEOSCOPE, French Global Network of broad band seismic stations",
10.18758/71021087,Royal Belgian Institute for Space Aeronomy,dataset_repo,Royal Belgian Institute for Space Aeronomy,https://data.aeronomie.be/dataset/7e429cb4-3d6d-488e-8365-2f12bf097e6e,data.aeronomie.be,10.18758,delft.bira,Supplementary material for: In situ plasma and neutral gas observation time windows during a comet flyby. Application to the Comet Interceptor mission - Software,
10.18758/nn9g6vno,Royal Belgian Institute for Space Aeronomy,dataset_repo,Royal Belgian Institute for Space Aeronomy,https://data.aeronomie.be/dataset/8a692f67-439c-4374-9280-2b24d77779e9,data.aeronomie.be,10.18758,delft.bira,Optimal choice of closest approach distance for a comet flyby: Supplementary material - software,
10.19272/202404601002,Unknown (DOI not in DataCite),unresolved,,,,,,,not_found
10.2139/ssrn.3504731,Unknown (DOI not in DataCite),unresolved,,,,,,,not_found
10.21494/ISTE.OP.2018.0200,Unknown (DOI not in DataCite),unresolved,,,,,,,not_found
10.22152/programming-journal.org/2025/10/6,Unknown (DOI not in DataCite),unresolved,,,,,,,not_found
10.22489/CinC.2020.221,Unknown (DOI not in DataCite),unresolved,,,,,,,not_found
10.22489/CinC.2020.379,Unknown (DOI not in DataCite),unresolved,,,,,,,not_found
10.22541/au.160464431.14235630/v1,Unknown (DOI not in DataCite),unresolved,,,,,,,not_found
10.22541/au.166678848.82362633/v2,Unknown (DOI not in DataCite),unresolved,,,,,,,not_found
10.23708/02POK6,DataSuds,dataset_repo,DataSuds,https://dataverse.ird.fr/citation?persistentId=doi:10.23708/02POK6,dataverse.ird.fr,10.23708,inist.ird,"Simbi database: historical hydro-meteorological time series and catchment attributes in Haiti, 1905-2005",
10.23919/ECC55457.2022.9838305,Unknown (DOI not in DataCite),unresolved,,,,,,,not_found
10.23919/EuCAP.2017.7928734,Unknown (DOI not in DataCite),unresolved,,,,,,,not_found
10.24072/pci.ecology.100857,Unknown (DOI not in DataCite),unresolved,,,,,,,not_found
10.2478/stap-2019-0015,Unknown (DOI not in DataCite),unresolved,,,,,,,not_found
10.26007/kvc4-2t38,NASA Planetary Data System,dataset_repo,NASA Planetary Data System,https://pdssbn.astro.umd.edu/holdings/pds4-lucy.llorri:data_dinkinesh_partially_processed-v1.0/SUPPORT/dataset.shtml,pdssbn.astro.umd.edu,10.26007,sbn.archive,Lucy LOng Range Reconnaissance Imager (L'LORRI) Dinkinesh Partially Processed Data Collection,
10.26022/IEDA/111625,Interdisciplinary Earth Data Alliance (IEDA),dataset_repo,Interdisciplinary Earth Data Alliance (IEDA),https://ecl.earthchem.org/view.php?id=1625,ecl.earthchem.org,10.26022,xaqp.jamqzm,Olivine-hosted re-heated melt inclusion composition from Ecuadorian volcanoes,
10.26093/cds/vizier,"CDS, Centre de Données astronomiques de Strasbourg",dataset_repo,"CDS, Centre de Données astronomiques de Strasbourg",https://vizier.cds.unistra.fr,vizier.cds.unistra.fr,10.26093,inist.cds,The VizieR database of astronomical catalogues,
10.26093/cds/vizier.36900054,Centre de Donnees Strasbourg (CDS),dataset_repo,Centre de Donnees Strasbourg (CDS),https://cdsarc.cds.unistra.fr/viz-bin/cat/J/A+A/690/A54,cdsarc.cds.unistra.fr,10.26093,inist.cds,SpectroTranslator GALAH and APOGEE examples,
10.26171/5w3r-mv08,Observatoire des Sciences de l'Univers de la Réunion,dataset_repo,Observatoire des Sciences de l'Univers de la Réunion,https://geosur.osureunion.fr/geonetwork/srv/eng/catalog.search#/metadata/65111ab4-e698-4811-9c16-0df040b078ec,geosur.osureunion.fr,10.26171,inist.ur,"Composé Organique Volatil (COV), site d'observation OPAR-Maido, Infrastructure de Recherche ACTRIS (SNO GAZIS) ",
10.26171/zw58-kx44,Observatoire des Sciences de l'Univers de la Réunion,dataset_repo,Observatoire des Sciences de l'Univers de la Réunion,https://geosur.osureunion.fr/geonetwork/srv/eng/catalog.search#/metadata/c71614ed-b8ee-4145-843e-6ad3903a65d0,geosur.osureunion.fr,10.26171,inist.ur,"Composé Organique Volatil (COV), site d'observation OZC-R Mare-Longue",
10.26186/144675,Commonwealth of Australia (Geoscience Australia),dataset_repo,Commonwealth of Australia (Geoscience Australia),http://pid.geoscience.gov.au/dataset/ga/144675,pid.geoscience.gov.au,10.26186,ardcx.ga,Australian National Seismograph Network Data Collection,
10.26508/lsa.202201550,Unknown (DOI not in DataCite),unresolved,,,,,,,not_found
10.31223/X5141G,Unknown (DOI not in DataCite),unresolved,,,,,,,not_found
10.31223/X5K093,Unknown (DOI not in DataCite),unresolved,,,,,,,not_found
10.32614/CRAN.package.airGRdatasets,Unknown (DOI not in DataCite),unresolved,,,,,,,not_found
10.32614/CRAN.package.airGRteaching,Unknown (DOI not in DataCite),unresolved,,,,,,,not_found
10.32908/jca.v18.100924,Unknown (DOI not in DataCite),unresolved,,,,,,,not_found
10.33166/AETiC.2021.02.009,Unknown (DOI not in DataCite),unresolved,,,,,,,not_found
10.3390/e22111330,Unknown (DOI not in DataCite),unresolved,,,,,,,not_found
10.3390/s23020952,Unknown (DOI not in DataCite),unresolved,,,,,,,not_found
10.34847/nkl.0dee15ow,NAKALA,dataset_repo,NAKALA - https://nakala.fr (Huma-Num - CNRS),https://nakala.fr/10.34847/nkl.0dee15ow,nakala.fr,10.34847,inist.humanum,The ExEco Dataset: A Textual Dataset of French Economic and Social Thought (1918–1960),
10.34847/nkl.2cec5407,NAKALA,dataset_repo,NAKALA - https://nakala.fr (Huma-Num - CNRS),https://nakala.fr/10.34847/nkl.2cec5407,nakala.fr,10.34847,inist.humanum,LIARArg: A dataset for fake news detection enhanced by argumentative features,
10.34847/nkl.6cae1i7s,NAKALA,dataset_repo,NAKALA - https://nakala.fr (Huma-Num - CNRS),https://nakala.fr/10.34847/nkl.6cae1i7s,nakala.fr,10.34847,inist.humanum,Inventaire des doctorats honoris causa en France,
10.34847/nkl.aaea911g,NAKALA,dataset_repo,NAKALA - https://nakala.fr (Huma-Num - CNRS),https://nakala.fr/10.34847/nkl.aaea911g,nakala.fr,10.34847,inist.humanum,Unequal housing affordability across European cities,
10.34847/nkl.e462qm6n,NAKALA,dataset_repo,NAKALA - https://nakala.fr (Huma-Num - CNRS),https://nakala.fr/10.34847/nkl.e462qm6n,nakala.fr,10.34847,inist.humanum,"Couches SIG des circonscriptions administratives d'Algérie (1942- 1949) : départements d’Alger, Constantine et Oran",
10.34847/nkl.e63a22n9,NAKALA,dataset_repo,NAKALA - https://nakala.fr (Huma-Num - CNRS),https://nakala.fr/10.34847/nkl.e63a22n9,nakala.fr,10.34847,inist.humanum,Fichier de métadonnées enrichies d'une base de données photographiques obliques sur le fleuve Rhône et ses affluents (1919-1961),
10.34847/nkl.ed24g6g6,NAKALA,dataset_repo,NAKALA - https://nakala.fr (Huma-Num - CNRS),https://nakala.fr/10.34847/nkl.ed24g6g6,nakala.fr,10.34847,inist.humanum,"Glossaire multilingue du taijiquan et des arts internes — français, anglais, néerlandais, espagnol, allemand, chinois (caractères et pinyin)",
10.34847/nkl.f3e98xlq,NAKALA,dataset_repo,NAKALA - https://nakala.fr (Huma-Num - CNRS),https://nakala.fr/10.34847/nkl.f3e98xlq,nakala.fr,10.34847,inist.humanum,La céramique du début du Néolithique moyen en Provence occidentale : matériaux exploités et dégraissants,
10.35097/1921,Karlsruhe Institute of Technology,dataset_repo,Karlsruhe Institute of Technology,https://radar.kit.edu/radar/en/dataset/KzhOAFsNNOzovfFM,radar.kit.edu,10.35097,tib.kit4radar,Seismological evidence for a multifault network at the subduction interface,
10.35097/dIDjKJPeUpZFWjbQ,Karlsruhe Institute of Technology,dataset_repo,Karlsruhe Institute of Technology,https://radar.kit.edu/radar/en/dataset/dIDjKJPeUpZFWjbQ,radar.kit.edu,10.35097,tib.kit4radar,Taltal Seismological Network,
10.36863/mds.a.14005,Unknown (DOI not in DataCite),unresolved,,,,,,,not_found
10.3917/comma.151.0035,Unknown (DOI not in DataCite),unresolved,,,,,,,not_found
10.3917/ethn.174.0673,Unknown (DOI not in DataCite),unresolved,,,,,,,not_found
10.3917/infle.049.0031,Unknown (DOI not in DataCite),unresolved,,,,,,,not_found
10.3917/inno.059.0151,Unknown (DOI not in DataCite),unresolved,,,,,,,not_found
10.3917/rfas.232.0189,Unknown (DOI not in DataCite),unresolved,,,,,,,not_found
10.3917/tt.036.0109,Unknown (DOI not in DataCite),unresolved,,,,,,,not_found
10.4000/books.dice.2527,Unknown (DOI not in DataCite),unresolved,,,,,,,not_found
10.4000/laboratoireitalien.6880,Unknown (DOI not in DataCite),unresolved,,,,,,,not_found
10.4000/mediterranee.11208,Unknown (DOI not in DataCite),unresolved,,,,,,,not_found
10.4000/mondesanciens.3095,Unknown (DOI not in DataCite),unresolved,,,,,,,not_found
10.4000/netcom.5605,Unknown (DOI not in DataCite),unresolved,,,,,,,not_found
10.4000/reperes.3169,Unknown (DOI not in DataCite),unresolved,,,,,,,not_found
10.4000/rursuspicae.1311,Unknown (DOI not in DataCite),unresolved,,,,,,,not_found
10.4000/trema.8056,Unknown (DOI not in DataCite),unresolved,,,,,,,not_found
10.4135/9781483381503.n278,Unknown (DOI not in DataCite),unresolved,,,,,,,not_found
10.4171/JEMS/1224,Unknown (DOI not in DataCite),unresolved,,,,,,,not_found
10.4230/LIPIcs.SEA.2020.18,Schloss Dagstuhl – Leibniz-Zentrum für Informatik,dataset_repo,Schloss Dagstuhl – Leibniz-Zentrum für Informatik,https://drops.dagstuhl.de/entities/document/10.4230/LIPIcs.SEA.2020.18,drops.dagstuhl.de,10.4230,lzi.drops,Space and Time Trade-Off for the k Shortest Simple Paths Problem,
10.48550/arXiv.1606.00309,arXiv,dataset_repo,arXiv,https://arxiv.org/abs/1606.00309,arxiv.org,10.48550,arxiv.content,Prediction of miRNA-disease associations with a vector space model,
10.48550/arXiv.2402.03160,arXiv,dataset_repo,arXiv,https://arxiv.org/abs/2402.03160,arxiv.org,10.48550,arxiv.content,Equations of genus $4$ curves from their theta constants,
10.48550/arXiv.2402.03160v2,Unknown (DOI not in DataCite),unresolved,,,,,,,not_found
10.48550/arXiv.2403.17490,arXiv,dataset_repo,arXiv,https://arxiv.org/abs/2403.17490,arxiv.org,10.48550,arxiv.content,Reconstruction of hypersurfaces from their invariants,
10.48550/arXiv.2411.07857,arXiv,dataset_repo,arXiv,https://arxiv.org/abs/2411.07857,arxiv.org,10.48550,arxiv.content,The constructive inverse Galois problem via Hilbert modular forms: realizing the transitive group 17T7,
10.48579/PRO/PLNU9F,data.InDoRES,dataset_repo,data.InDoRES,https://data.indores.fr:443/citation?persistentId=doi:10.48579/PRO/PLNU9F,data.indores.fr:443,10.48579,jbru.bbees,"Photosynthesis, water-use and nitrogen relate to both plant height and leaf structure in 60 species from the Mediterranean",
10.48579/PRO/YBFNYZ,data.InDoRES,dataset_repo,data.InDoRES,https://data.indores.fr:443/citation?persistentId=doi:10.48579/PRO/YBFNYZ,data.indores.fr:443,10.48579,jbru.bbees,"Evolution des limites de la bande fluviale de la Roya de la source (Tende, France) à l'embouchure (Ventimiglia, Italie) entre 1945 et 2020",
10.48670/moi-00242,Mercator Ocean International,dataset_repo,Mercator Ocean International,https://resources.marine.copernicus.eu/product-detail/GLOBAL_OMI_TEMPSAL_sst_area_averaged_anomalies/INFORMATION,resources.marine.copernicus.eu,10.48670,jugt.yxcdej,Global Ocean Sea Surface Temperature time series and trend from Observations Reprocessing,
10.48670/moi-00268,Mercator Ocean International,dataset_repo,Mercator Ocean International,https://resources.marine.copernicus.eu/product-detail/MEDSEA_OMI_TEMPSAL_sst_area_averaged_anomalies/INFORMATION,resources.marine.copernicus.eu,10.48670,jugt.yxcdej,Mediterranean Sea Surface Temperature time series and trend from Observations Reprocessing,
10.5194/essd-17-1461-2025,Unknown (DOI not in DataCite),unresolved,,,,,,,not_found
10.5194/hess-27-3293-2023,Unknown (DOI not in DataCite),unresolved,,,,,,,not_found
10.5281/zenodo.10083020,Zenodo,dataset_repo,Zenodo,https://zenodo.org/doi/10.5281/zenodo.10083020,zenodo.org,10.5281,cern.zenodo,"Data for ""Spacecraft charging simulations of probe B1 of Comet Interceptor during the cometary flyby""",
10.5281/zenodo.10381606,Zenodo,dataset_repo,Zenodo,https://zenodo.org/doi/10.5281/zenodo.10381606,zenodo.org,10.5281,cern.zenodo,ISSA Agritrop Dataset,
10.5281/zenodo.10512873,Zenodo,dataset_repo,Zenodo,https://zenodo.org/doi/10.5281/zenodo.10512873,zenodo.org,10.5281,cern.zenodo,coq-community/trocq: Trocq 0.1.3,
10.5281/zenodo.10623986,Zenodo,dataset_repo,Zenodo,https://zenodo.org/doi/10.5281/zenodo.10623986,zenodo.org,10.5281,cern.zenodo,Geospatial identification of stakeholders to support dynamic ocean management in transboundary areas - Stakeholder database,
10.5281/zenodo.10624748,Zenodo,dataset_repo,Zenodo,https://zenodo.org/doi/10.5281/zenodo.10624748,zenodo.org,10.5281,cern.zenodo,fedefabbri/DOM_WestMed: DOM_WestMED 1.0,
10.5281/zenodo.10993306,Zenodo,dataset_repo,Zenodo,https://zenodo.org/doi/10.5281/zenodo.10993306,zenodo.org,10.5281,cern.zenodo,Data and scripts for: An analysis of the dynamic range of Distributed Acoustic Sensing for Earthquake Early Warning,
10.5281/zenodo.1117372,Zenodo,dataset_repo,Zenodo,https://zenodo.org/record/1117372,zenodo.org,10.5281,cern.zenodo,MUSDB18 - a corpus for music separation,
10.5281/zenodo.11368310,Zenodo,dataset_repo,Zenodo,https://zenodo.org/doi/10.5281/zenodo.11368310,zenodo.org,10.5281,cern.zenodo,Plant-Net/MOnSTER_PROMOCA: v1.0,
10.5281/zenodo.13152457,Zenodo,dataset_repo,Zenodo,https://zenodo.org/doi/10.5281/zenodo.13152457,zenodo.org,10.5281,cern.zenodo,Binary progenitor systems for Type Ic supernovae Supplementary Data,
10.5281/zenodo.13912519,Zenodo,dataset_repo,Zenodo,https://zenodo.org/doi/10.5281/zenodo.13912519,zenodo.org,10.5281,cern.zenodo,On the emergence of fault afterslip during laboratory seismic cycles,
10.5281/zenodo.14253433,Zenodo,dataset_repo,Zenodo,https://zenodo.org/doi/10.5281/zenodo.14253433,zenodo.org,10.5281,cern.zenodo,openalea/gafam: GAFAM Data paper,
10.5281/zenodo.14547356,Zenodo,dataset_repo,Zenodo,https://zenodo.org/doi/10.5281/zenodo.14547356,zenodo.org,10.5281,cern.zenodo,Time-lapses of spruce tree wood hydrolysis,
10.5281/zenodo.14641958,Zenodo,dataset_repo,Zenodo,https://zenodo.org/doi/10.5281/zenodo.14641958,zenodo.org,10.5281,cern.zenodo,LUNDIsim : open-data multiresolution model meshes with porosity and permeability properties inspired from SPE10 challenge for geoscience and data science applications,
10.5281/zenodo.14735088,Zenodo,dataset_repo,Zenodo,https://zenodo.org/doi/10.5281/zenodo.14735088,zenodo.org,10.5281,cern.zenodo,Formal proofs for Constructive characterisations of the MUST-preorder for asynchrony,
10.5281/zenodo.14750261,Zenodo,dataset_repo,Zenodo,https://zenodo.org/doi/10.5281/zenodo.14750261,zenodo.org,10.5281,cern.zenodo,"Dental wear raw data for Neandertal predation agenda during MIS 5 to 4 transition in Axlor level D (Basque Country, northatlantic Iberia)",
10.5281/zenodo.14868324,Zenodo,dataset_repo,Zenodo,https://zenodo.org/doi/10.5281/zenodo.14868324,zenodo.org,10.5281,cern.zenodo,PyGMT: A Python interface for the Generic Mapping Tools,
10.5281/zenodo.14944705,Zenodo,dataset_repo,Zenodo,https://zenodo.org/doi/10.5281/zenodo.14944705,zenodo.org,10.5281,cern.zenodo,Plant-Net/HIVE: v1.0-alpha,
10.5281/zenodo.15020368,Zenodo,dataset_repo,Zenodo,https://zenodo.org/doi/10.5281/zenodo.15020368,zenodo.org,10.5281,cern.zenodo,"Supporting material for ""Enhancing debris flow warning via machine learning feature reduction and model selection""",
10.5281/zenodo.15115349,Zenodo,dataset_repo,Zenodo,https://zenodo.org/doi/10.5281/zenodo.15115349,zenodo.org,10.5281,cern.zenodo,"rdno/mideast_p_traveltime_tomo: P Model Files, Horizontal and Vertical Cross Sections",
10.5281/zenodo.15167862,Zenodo,dataset_repo,Zenodo,https://zenodo.org/doi/10.5281/zenodo.15167862,zenodo.org,10.5281,cern.zenodo,"Data set for: ""Stress Distribution and Seismic Cycle Complexity on a Long Laboratory Fault""",
10.5281/zenodo.15172382,Zenodo,dataset_repo,Zenodo,https://zenodo.org/doi/10.5281/zenodo.15172382,zenodo.org,10.5281,cern.zenodo,"Compute Stress Drop for a given Slip Distribution for the Le Teil Earthquake (Mw4.9, 2019/11/11, France)",
10.5281/zenodo.15484846,Zenodo,dataset_repo,Zenodo,https://zenodo.org/doi/10.5281/zenodo.15484846,zenodo.org,10.5281,cern.zenodo,Supplementary and Source Data for Meloidogyne hapla (VW9) genome paper,
10.5281/zenodo.15603976,Zenodo,dataset_repo,Zenodo,https://zenodo.org/doi/10.5281/zenodo.15603976,zenodo.org,10.5281,cern.zenodo,Strain-Rate Data and Sediment Corrections for Ocean-Bottom DAS Back-Projection,
10.5281/zenodo.15727403,Zenodo,dataset_repo,Zenodo,https://zenodo.org/doi/10.5281/zenodo.15727403,zenodo.org,10.5281,cern.zenodo,"Rocq development of ""Inductive Predicates via Least Fixpoints in Higher-Order Separation Logic""",
10.5281/zenodo.16088330,Zenodo,dataset_repo,Zenodo,https://zenodo.org/doi/10.5281/zenodo.16088330,zenodo.org,10.5281,cern.zenodo,Geochemical analyses of marine tephra layers collected offshore Ecuador during the DSDP Leg 69 and ODP Legs 111 and 202,
10.5281/zenodo.16356173,Zenodo,dataset_repo,Zenodo,https://zenodo.org/doi/10.5281/zenodo.16356173,zenodo.org,10.5281,cern.zenodo,Data files and scripts of the article `A predictive model for bubble removal in microfluidic channels surrounded by gas-permeable media',
10.5281/zenodo.16877102,Zenodo,dataset_repo,Zenodo,https://zenodo.org/doi/10.5281/zenodo.16877102,zenodo.org,10.5281,cern.zenodo,GW250114 discovery paper figure scripts,
10.5281/zenodo.17379612,Zenodo,dataset_repo,Zenodo,https://zenodo.org/doi/10.5281/zenodo.17379612,zenodo.org,10.5281,cern.zenodo,Data and Code from : Semi-natural habitats buffer the context-dependent effects of crop diversification on pest control services in agricultural landscapes,
10.5281/zenodo.17406961,Zenodo,dataset_repo,Zenodo,https://zenodo.org/doi/10.5281/zenodo.17406961,zenodo.org,10.5281,cern.zenodo,PyBott,
10.5281/zenodo.17672514,Zenodo,dataset_repo,Zenodo,https://zenodo.org/doi/10.5281/zenodo.17672514,zenodo.org,10.5281,cern.zenodo,Mercury's magnetosphere with laminar solar wind conditions using the Menura solver,
10.5281/zenodo.17672619,Zenodo,dataset_repo,Zenodo,https://zenodo.org/doi/10.5281/zenodo.17672619,zenodo.org,10.5281,cern.zenodo,Mercury's magnetosphere with turbulent solar wind conditions using the Menura solver,
10.5281/zenodo.17915024,Zenodo,dataset_repo,Zenodo,https://zenodo.org/doi/10.5281/zenodo.17915024,zenodo.org,10.5281,cern.zenodo,"Materials for ""Harnessing converted phases for rapid magnitude estimation and early warning with distributed acoustic sensing offshore Chile""",
10.5281/zenodo.18503858,Zenodo,dataset_repo,Zenodo,https://zenodo.org/doi/10.5281/zenodo.18503858,zenodo.org,10.5281,cern.zenodo,Seismic cycle simulations and results for manuscript:  A rate-and-state friction based criterion for the probability of earthquake fault jumps,
10.5281/zenodo.18599125,Zenodo,dataset_repo,Zenodo,https://zenodo.org/doi/10.5281/zenodo.18599125,zenodo.org,10.5281,cern.zenodo,"Fault volume digital twin to reproduce the full slip spectrum, scaling and statistical laws",
10.5281/zenodo.19255031,Zenodo,dataset_repo,Zenodo,https://zenodo.org/doi/10.5281/zenodo.19255031,zenodo.org,10.5281,cern.zenodo,Dataset for: Propagation of fluid-driven aseismic slip fronts under upper crustal conditions,
10.5281/zenodo.20446669,Zenodo,dataset_repo,Zenodo,https://zenodo.org/doi/10.5281/zenodo.20446669,zenodo.org,10.5281,cern.zenodo,MoDRE26 - Safety First! Modelling Requirements from GPT-5 System Card using Lightweight Safety Models,
10.5281/zenodo.21775722,Zenodo,dataset_repo,Zenodo,https://zenodo.org/doi/10.5281/zenodo.21775722,zenodo.org,10.5281,cern.zenodo,Data : Tracking Mantle Melting on Mars Using Phobos Tides,
10.5281/zenodo.2635786,Zenodo,dataset_repo,Zenodo,https://zenodo.org/record/2635786,zenodo.org,10.5281,cern.zenodo,sigsep/sigsep-mus-eval: Ready for SiSEC 2018,
10.5281/zenodo.3339369,Zenodo,dataset_repo,Zenodo,https://zenodo.org/record/3339369,zenodo.org,10.5281,cern.zenodo,marazzaf/MEMM: Zenodo,
10.5281/zenodo.37660964,Unknown (DOI not in DataCite),unresolved,,,,,,,not_found
10.5281/zenodo.3777760,Zenodo,dataset_repo,Zenodo,https://zenodo.org/record/3777760,zenodo.org,10.5281,cern.zenodo,Tara Pacific Expedition Participants,
10.5281/zenodo.3935958,Zenodo,dataset_repo,Zenodo,https://zenodo.org/record/3935958,zenodo.org,10.5281,cern.zenodo,questionnaire SOSP-FR - fr,
10.5281/zenodo.3950791,Zenodo,dataset_repo,Zenodo,https://zenodo.org/record/3950791,zenodo.org,10.5281,cern.zenodo,"Mohammed binaural recording in Ghamra, Cairo (Egypt), 30-05-2013",
10.5281/zenodo.3950835,Zenodo,dataset_repo,Zenodo,https://zenodo.org/record/3950835,zenodo.org,10.5281,cern.zenodo,"Evelyn binaural recording in Wast al-Balad, Cairo (Egypt), 29-05-2013",
10.5281/zenodo.3950847,Zenodo,dataset_repo,Zenodo,https://zenodo.org/record/3950847,zenodo.org,10.5281,cern.zenodo,"Leyla binaural recording in Darb al-Ahmar, Cairo (Egypt), 27-10-2011",
10.5281/zenodo.3950868,Zenodo,dataset_repo,Zenodo,https://zenodo.org/record/3950868,zenodo.org,10.5281,cern.zenodo,"Hassan #1 binaural recording in Darb al-Ahmar, Cairo (Egypt), 25-10-2011",
10.5281/zenodo.3950958,Zenodo,dataset_repo,Zenodo,https://zenodo.org/record/3950958,zenodo.org,10.5281,cern.zenodo,"Hassan #2 Route binaural recording in Duwiqa, Cairo (Egypt), 28-09-2012",
10.5281/zenodo.3950962,Zenodo,dataset_repo,Zenodo,https://zenodo.org/record/3950962,zenodo.org,10.5281,cern.zenodo,"Maurice binaural recording in Garden City, Cairo (Egypt), 30-05-2013",
10.5281/zenodo.3950970,Zenodo,dataset_repo,Zenodo,https://zenodo.org/record/3950970,zenodo.org,10.5281,cern.zenodo,"Mona binaural recording in Bashtil, Cairo (Egypt), 26-10-2011",
10.5281/zenodo.3950974,Zenodo,dataset_repo,Zenodo,https://zenodo.org/record/3950974,zenodo.org,10.5281,cern.zenodo,"Salma binaural recording, Wast al-Balad, Cairo (Egypt), 26-09-2012",
10.5281/zenodo.3950988,Zenodo,dataset_repo,Zenodo,https://zenodo.org/record/3950988,zenodo.org,10.5281,cern.zenodo,"Samir binaural recording in Bashtil, Cairo (Egypt), 28-09-2012",
10.5281/zenodo.3950998,Zenodo,dataset_repo,Zenodo,https://zenodo.org/record/3950998,zenodo.org,10.5281,cern.zenodo,"Shady binaural recording in Wast al-Balad, Cairo (Egypt), 26-09-2012",
10.5281/zenodo.3951008,Zenodo,dataset_repo,Zenodo,https://zenodo.org/record/3951008,zenodo.org,10.5281,cern.zenodo,"Hassan #1 Arabic and French transcripts of description and comments on his recording in Darb al-Ahmar, Cairo (Egypt), 25-10-2011",
10.5281/zenodo.3952854,Zenodo,dataset_repo,Zenodo,https://zenodo.org/record/3952854,zenodo.org,10.5281,cern.zenodo,"Mona Arabic and French transcripts of description and comments on her recording in Bashtil, Cairo (Egypt), 26-10-2011",
10.5281/zenodo.3952865,Zenodo,dataset_repo,Zenodo,https://zenodo.org/record/3952865,zenodo.org,10.5281,cern.zenodo,"Leyla Arabic and French transcripts of description and comments on her recording in Darb al-Ahmar, Cairo (Egypt), 27-10-2011",
10.5281/zenodo.3952867,Zenodo,dataset_repo,Zenodo,https://zenodo.org/record/3952867,zenodo.org,10.5281,cern.zenodo,"Hassan #2 Arabic and French transcripts of description and comments on his recording in Duwiqa, Cairo (Egypt), 28-09-2012",
10.5281/zenodo.3952872,Zenodo,dataset_repo,Zenodo,https://zenodo.org/record/3952872,zenodo.org,10.5281,cern.zenodo,"Salma Arabic and French transcripts of description and comments on her recording in Wast al-Balad, Cairo (Egypt), 26-09-2012",
10.5281/zenodo.3952878,Zenodo,dataset_repo,Zenodo,https://zenodo.org/record/3952878,zenodo.org,10.5281,cern.zenodo,"Samir Arabic and French transcripts of description and comments on his recording in Bashtil, Cairo (Egypt), 28-09-2012",
10.5281/zenodo.3952883,Zenodo,dataset_repo,Zenodo,https://zenodo.org/record/3952883,zenodo.org,10.5281,cern.zenodo,"Shady Arabic and French transcripts of description and comments on his recording in Wast al-Balad, Cairo (Egypt), 26-09-2012",
10.5281/zenodo.3952887,Zenodo,dataset_repo,Zenodo,https://zenodo.org/record/3952887,zenodo.org,10.5281,cern.zenodo,"Evelyn Arabic and French transcripts of description and comments on her recording in Wast al-Balad, Cairo (Egypt), 29-05-2013",
10.5281/zenodo.3952889,Zenodo,dataset_repo,Zenodo,https://zenodo.org/record/3952889,zenodo.org,10.5281,cern.zenodo,"Mohammed Arabic and French transcripts of description and comments on his recording in Ghamra, Cairo (Egypt), 30-05-2013",
10.5281/zenodo.3952902,Zenodo,dataset_repo,Zenodo,https://zenodo.org/record/3952902,zenodo.org,10.5281,cern.zenodo,"Maurice Arabic and French transcripts of description and comments on his recording in Garden City, Cairo (Egypt), 30-05-2013",
10.5281/zenodo.3953044,Zenodo,dataset_repo,Zenodo,https://zenodo.org/record/3953044,zenodo.org,10.5281,cern.zenodo,"Lexicon from the ""Mics in the ears"" experimental procedure Lexique issu du dispositif expérimental « Des micros dans les oreilles »",
10.5281/zenodo.3978032,Zenodo,dataset_repo,Zenodo,https://zenodo.org/record/3978032,zenodo.org,10.5281,cern.zenodo,Experimental Tuning of Transport Regimes in Hyperuniform Disordered Photonic Materials,
10.5281/zenodo.4570235,Zenodo,dataset_repo,Zenodo,https://zenodo.org/doi/10.5281/zenodo.4570235,zenodo.org,10.5281,cern.zenodo,"mdahirel/pushed-pulled-2020-phenotype: data and code for ""Landscape connectivity alters the evolution of density-dependent dispersal during pushed range expansions""",
10.5281/zenodo.4650051,Zenodo,dataset_repo,Zenodo,https://zenodo.org/record/4650051,zenodo.org,10.5281,cern.zenodo,The hidden side of the Allee effect - Supplementary Material,
10.5281/zenodo.4715969,Zenodo,dataset_repo,Zenodo,https://zenodo.org/record/4715969,zenodo.org,10.5281,cern.zenodo,Capturing the diversity of analyses on the Linux kernel variability – Companion Technical Report,
10.5281/zenodo.4774324,Zenodo,dataset_repo,Zenodo,https://zenodo.org/record/4774324,zenodo.org,10.5281,cern.zenodo,Low Temperature Deposition of Highly Cyclable Porous Prussian Blue Cathode for Lithium-Ion Microbattery,
10.5281/zenodo.4922771,Zenodo,dataset_repo,Zenodo,https://zenodo.org/record/4922771,zenodo.org,10.5281,cern.zenodo,WL-align,
10.5281/zenodo.4946729,Zenodo,dataset_repo,Zenodo,https://zenodo.org/record/4946729,zenodo.org,10.5281,cern.zenodo,Extending the Identification of Object-Oriented Variability Implementations using Usage Relationships — Reproduction Package,
10.5281/zenodo.4971978,Zenodo,dataset_repo,Zenodo,https://zenodo.org/record/4971978,zenodo.org,10.5281,cern.zenodo,ERETRIA XXV. Les thermes du centre,
10.5281/zenodo.5034199,Zenodo,dataset_repo,Zenodo,https://zenodo.org/record/5034199,zenodo.org,10.5281,cern.zenodo,Visualization of Object-Oriented Variability Implementations as Cities — Reproduction package,
10.5281/zenodo.5112934,Zenodo,dataset_repo,Zenodo,https://zenodo.org/record/5112934,zenodo.org,10.5281,cern.zenodo,Code for The origin of the allometric scaling of lung's ventilation in mammals,
10.5281/zenodo.5148233,Zenodo,dataset_repo,Zenodo,https://zenodo.org/record/5148233,zenodo.org,10.5281,cern.zenodo,frmichel/morph-xr2rml: 1.3.1,
10.5281/zenodo.5499840,Zenodo,dataset_repo,Zenodo,https://zenodo.org/record/5499840,zenodo.org,10.5281,cern.zenodo,CTAO Instrument Response Functions - prod5 version v0.1,
10.5281/zenodo.5725288,Zenodo,dataset_repo,Zenodo,https://zenodo.org/doi/10.5281/zenodo.5725288,zenodo.org,10.5281,cern.zenodo,"Predicted times, spatial coordinates of bow shock crossings and shock geometry at Mars from the NASA/MAVEN mission, using spacecraft ephemerides and magnetic field data, with a predictor-corrector algorithm",
10.5281/zenodo.5777028,Zenodo,dataset_repo,Zenodo,https://zenodo.org/record/5777028,zenodo.org,10.5281,cern.zenodo,Can Artificial Intelligence help in the study of vegetative growth dynamics from herbarium collections? An evaluation of the tropical flora of the French Guiana forest,
10.5281/zenodo.5827206,Zenodo,dataset_repo,Zenodo,https://zenodo.org/record/5827206,zenodo.org,10.5281,cern.zenodo,State of open science practices in France _ Dataset,
10.5281/zenodo.6644634,Zenodo,dataset_repo,Zenodo,https://zenodo.org/record/6644634,zenodo.org,10.5281,cern.zenodo,Customizable Visualization of Quality Metrics for Object-Oriented Variability Implementations - Artifact,
10.5281/zenodo.6962270,Zenodo,dataset_repo,Zenodo,https://zenodo.org/doi/10.5281/zenodo.6962270,zenodo.org,10.5281,cern.zenodo,Supplementary files for the Xenoturbella bocki genome analysis,
10.5281/zenodo.7097318,Zenodo,dataset_repo,Zenodo,https://zenodo.org/record/7097318,zenodo.org,10.5281,cern.zenodo,Single-molecule DNA methylation patterns of full-length human-specific LINE-1 (L1HS) retrotransposons in a panel of cell lines.,
10.5281/zenodo.7097319,Zenodo,dataset_repo,Zenodo,https://zenodo.org/record/7097319,zenodo.org,10.5281,cern.zenodo,Single-molecule DNA methylation patterns of full-length human-specific LINE-1 (L1HS) retrotransposons in a panel of cell lines.,
10.5281/zenodo.7185300,Zenodo,dataset_repo,Zenodo,https://zenodo.org/record/7185300,zenodo.org,10.5281,cern.zenodo,"Products and Models for ""Early Release Science of the Exoplanet WASP-39b with JWST NIRSpec G395H""",
10.5281/zenodo.7228037,Zenodo,dataset_repo,Zenodo,https://zenodo.org/record/7228037,zenodo.org,10.5281,cern.zenodo,A positive feedback between crustal thickness and melt extraction for the origin of the Martian dichotomy - Figure software &amp; Data,
10.5281/zenodo.7278491,Zenodo,dataset_repo,Zenodo,https://zenodo.org/record/7278491,zenodo.org,10.5281,cern.zenodo,New high time resolution mutual impedance measurements,
10.5281/zenodo.7620940,Zenodo,dataset_repo,Zenodo,https://zenodo.org/record/7620940,zenodo.org,10.5281,cern.zenodo,New Itineraries for Agroecology Using Cooperative Robots,
10.5281/zenodo.7628903,Zenodo,dataset_repo,Zenodo,https://zenodo.org/record/7628903,zenodo.org,10.5281,cern.zenodo,AJAR: An Argumentation-based Judging Agents Framework for Ethical Reinforcement Learning,
10.5281/zenodo.7682309,Zenodo,dataset_repo,Zenodo,https://zenodo.org/record/7682309,zenodo.org,10.5281,cern.zenodo,Jupyter notebook of a biophysically plausible decision-making model based on interacting cortical columns,
10.5281/zenodo.7927373,Zenodo,dataset_repo,Zenodo,https://zenodo.org/record/7927373,zenodo.org,10.5281,cern.zenodo,Maps of solar wind plasma precipitation onto Mercury's surface: a geographical perspective,
10.5281/zenodo.7969979,Zenodo,dataset_repo,Zenodo,https://zenodo.org/record/7969979,zenodo.org,10.5281,cern.zenodo,Mellak/Toolbox-for-the-analysis-of-3D-OCT-images-of-murine-retina: v0.0.1,
10.5281/zenodo.8119856,Zenodo,dataset_repo,Zenodo,https://zenodo.org/record/8119856,zenodo.org,10.5281,cern.zenodo,1D-1V Vlasov-Poisson Simulations of Mutual Impedance Experiments in the presence of small-scale and large-scale plasma inhomogeneities - PART 3,
10.5281/zenodo.8169473,Zenodo,dataset_repo,Zenodo,https://zenodo.org/record/8169473,zenodo.org,10.5281,cern.zenodo,Estimating Compositions and Nutritional Values of Seed Mixes based on Vision Transformers,
10.5281/zenodo.8269108,Zenodo,dataset_repo,Zenodo,https://zenodo.org/doi/10.5281/zenodo.8269108,zenodo.org,10.5281,cern.zenodo,CREATTIVE3D multimodal dataset of user behavior in virtual reality,
10.5281/zenodo.8271327,Zenodo,dataset_repo,Zenodo,https://zenodo.org/doi/10.5281/zenodo.8271327,zenodo.org,10.5281,cern.zenodo,Research data for Taltal segment tomography article,
10.5281/zenodo.8283641,Zenodo,dataset_repo,Zenodo,https://zenodo.org/record/8283641,zenodo.org,10.5281,cern.zenodo,TURRIS: an open source database and Python tools to compute the fundamental frequency of historic masonry towers,
10.5445/IR/1000126350,Karlsruher Institut für Technologie (KIT),dataset_repo,Karlsruher Institut für Technologie (KIT),https://publikationen.bibliothek.kit.edu/1000126350,publikationen.bibliothek.kit.edu,10.5445,tib.kit,Research data for '3D local earthquake tomography of the Ecuadorian margin in the source area of the 2016 Mw 7.8 Pedernales earthquake',
10.5465/AMBPP.2021.210,Unknown (DOI not in DataCite),unresolved,,,,,,,not_found
10.5523/bris.ypfrg4sz8jwi2ehjqjubbq526,University of Bristol,dataset_repo,University of Bristol,https://data.bris.ac.uk/data/dataset/ypfrg4sz8jwi2ehjqjubbq526/,data.bris.ac.uk,10.5523,bl.bristol,3D OCT Images of Murine Uveitis,
10.57745/3SPJ4B,Recherche Data Gouv,dataset_repo,Recherche Data Gouv,https://entrepot.recherche.data.gouv.fr/citation?persistentId=doi:10.57745/3SPJ4B,entrepot.recherche.data.gouv.fr,10.57745,rdg.prod,airGRdatasets: Hydro-Meteorological Catchments Datasets for the 'airGR' Packages. R package version 0.2.1,
10.57745/3VMB3Y,Recherche Data Gouv,dataset_repo,Recherche Data Gouv,https://entrepot.recherche.data.gouv.fr/citation?persistentId=doi:10.57745/3VMB3Y,entrepot.recherche.data.gouv.fr,10.57745,rdg.prod,Mobi-Switch : a boardgame about urban mobility sustainability,
10.57745/5MXZSJ,Recherche Data Gouv,dataset_repo,Recherche Data Gouv,https://entrepot.recherche.data.gouv.fr/citation?persistentId=doi:10.57745/5MXZSJ,entrepot.recherche.data.gouv.fr,10.57745,rdg.prod,Meloidogyne enterolobii assemblies,
10.57745/5ODV0C,Recherche Data Gouv,dataset_repo,Recherche Data Gouv,https://entrepot.recherche.data.gouv.fr/citation?persistentId=doi:10.57745/5ODV0C,entrepot.recherche.data.gouv.fr,10.57745,rdg.prod,Periconia digitata gene fasta file,
10.57745/71DS6F,Recherche Data Gouv,dataset_repo,Recherche Data Gouv,https://entrepot.recherche.data.gouv.fr/citation?persistentId=doi:10.57745/71DS6F,entrepot.recherche.data.gouv.fr,10.57745,rdg.prod,Periconia digitata CDS fasta file,
10.57745/AGKMF0,Recherche Data Gouv,dataset_repo,Recherche Data Gouv,https://entrepot.recherche.data.gouv.fr/citation?persistentId=doi:10.57745/AGKMF0,entrepot.recherche.data.gouv.fr,10.57745,rdg.prod,"Data associated with the paper ""Electrostatic modulation of excitonic fluid in GaN/AlGaN quantum wells by deposition of few-layer graphene and nickel/gold films""",
10.57745/BAPYY5,Recherche Data Gouv,dataset_repo,Recherche Data Gouv,https://entrepot.recherche.data.gouv.fr/citation?persistentId=doi:10.57745/BAPYY5,entrepot.recherche.data.gouv.fr,10.57745,rdg.prod,Periconia digitata structural annotation,
10.57745/BIC6MB,Recherche Data Gouv,dataset_repo,Recherche Data Gouv,https://entrepot.recherche.data.gouv.fr/citation?persistentId=doi:10.57745/BIC6MB,entrepot.recherche.data.gouv.fr,10.57745,rdg.prod,Réponses Enquête Données de la recherche Université de Strasbourg et Université Côte d’Azur,
10.57745/D4TG2M,Recherche Data Gouv,dataset_repo,Recherche Data Gouv,https://entrepot.recherche.data.gouv.fr/citation?persistentId=doi:10.57745/D4TG2M,entrepot.recherche.data.gouv.fr,10.57745,rdg.prod,Curated sequences of cytochrome P450 from Spodoptera frugiperda corn strain,
10.57745/EGUUHK,Recherche Data Gouv,dataset_repo,Recherche Data Gouv,https://entrepot.recherche.data.gouv.fr/citation?persistentId=doi:10.57745/EGUUHK,entrepot.recherche.data.gouv.fr,10.57745,rdg.prod,Meloidogyne enterolobii scripts,
10.57745/ENBAIS,Recherche Data Gouv,dataset_repo,Recherche Data Gouv,https://entrepot.recherche.data.gouv.fr/citation?persistentId=doi:10.57745/ENBAIS,entrepot.recherche.data.gouv.fr,10.57745,rdg.prod,Replication Data for: Towards tsunami early-warning with Distributed Acoustic Sensing: expected seafloor strains induced by tsunamis,
10.57745/ESQFDB,Recherche Data Gouv,dataset_repo,Recherche Data Gouv,https://entrepot.recherche.data.gouv.fr/citation?persistentId=doi:10.57745/ESQFDB,entrepot.recherche.data.gouv.fr,10.57745,rdg.prod,Scripts used for data analyzing in the manuscript: “Unraveling genetic load dynamics during biological invasion: insights from two invasive insect species”,
10.57745/FB9OVN,Recherche Data Gouv,dataset_repo,Recherche Data Gouv,https://entrepot.recherche.data.gouv.fr/citation?persistentId=doi:10.57745/FB9OVN,entrepot.recherche.data.gouv.fr,10.57745,rdg.prod,Periconia digitata genome,
10.57745/FHNYJU,Recherche Data Gouv,dataset_repo,Recherche Data Gouv,https://entrepot.recherche.data.gouv.fr/citation?persistentId=doi:10.57745/FHNYJU,entrepot.recherche.data.gouv.fr,10.57745,rdg.prod,Periconia digitata proteins identified by mass spectrometry,
10.57745/G2Z4VV,Recherche Data Gouv,dataset_repo,Recherche Data Gouv,https://entrepot.recherche.data.gouv.fr/citation?persistentId=doi:10.57745/G2Z4VV,entrepot.recherche.data.gouv.fr,10.57745,rdg.prod,Rnaseq data from tomato (leaves and roots) expressing the furanocoumarin biosynthetic genes,
10.57745/GU67TE,Recherche Data Gouv,dataset_repo,Recherche Data Gouv,https://entrepot.recherche.data.gouv.fr/citation?persistentId=doi:10.57745/GU67TE,entrepot.recherche.data.gouv.fr,10.57745,rdg.prod,Periconia digitata Interproscan annotation,
10.57745/HBQWP5,Recherche Data Gouv,dataset_repo,Recherche Data Gouv,https://entrepot.recherche.data.gouv.fr/citation?persistentId=doi:10.57745/HBQWP5,entrepot.recherche.data.gouv.fr,10.57745,rdg.prod,CAMELS-FR time series dynamic graphs,
10.57745/IAU0UK,Recherche Data Gouv,dataset_repo,Recherche Data Gouv,https://entrepot.recherche.data.gouv.fr/citation?persistentId=doi:10.57745/IAU0UK,entrepot.recherche.data.gouv.fr,10.57745,rdg.prod,"Data associated with the article ""Mode-locked waveguide polariton laser""",
10.57745/J2A44Q,Recherche Data Gouv,dataset_repo,Recherche Data Gouv,https://entrepot.recherche.data.gouv.fr/citation?persistentId=doi:10.57745/J2A44Q,entrepot.recherche.data.gouv.fr,10.57745,rdg.prod,Numerical simulation of rainfall and runoff driven erosion at the hillslope scale: four rainfall events on the Pradel plot,
10.57745/JYWUIY,Recherche Data Gouv,dataset_repo,Recherche Data Gouv,https://entrepot.recherche.data.gouv.fr/citation?persistentId=doi:10.57745/JYWUIY,entrepot.recherche.data.gouv.fr,10.57745,rdg.prod,Données de l'enquête ADBU sur l'implication des structures documentaires dans l'accompagnement sur les données de recherche,
10.57745/KGA7CI,Recherche Data Gouv,dataset_repo,Recherche Data Gouv,https://entrepot.recherche.data.gouv.fr/citation?persistentId=doi:10.57745/KGA7CI,entrepot.recherche.data.gouv.fr,10.57745,rdg.prod,Meloidogyne genus OrthoFinder analysis,
10.57745/KK2SVJ,Recherche Data Gouv,dataset_repo,Recherche Data Gouv,https://entrepot.recherche.data.gouv.fr/citation?persistentId=doi:10.57745/KK2SVJ,entrepot.recherche.data.gouv.fr,10.57745,rdg.prod,CAMELS-FR graphical fact sheets,
10.57745/LVRFWJ,Recherche Data Gouv,dataset_repo,Recherche Data Gouv,https://entrepot.recherche.data.gouv.fr/citation?persistentId=doi:10.57745/LVRFWJ,entrepot.recherche.data.gouv.fr,10.57745,rdg.prod,Alignment of French Crop Usage Thesaurus and French National Taxonomic Repository TAXREF-LD,
10.57745/OP1JFC,Recherche Data Gouv,dataset_repo,Recherche Data Gouv,https://entrepot.recherche.data.gouv.fr/citation?persistentId=doi:10.57745/OP1JFC,entrepot.recherche.data.gouv.fr,10.57745,rdg.prod,Catalogs of solar observations of Meudon and Haute Provence Hα heliographs (1954-2004) and their instrumental capabilities,
10.57745/PR8VUV,Recherche Data Gouv,dataset_repo,Recherche Data Gouv,https://entrepot.recherche.data.gouv.fr/citation?persistentId=doi:10.57745/PR8VUV,entrepot.recherche.data.gouv.fr,10.57745,rdg.prod,Temporal Brain Networks,
10.57745/QHUQOP,Recherche Data Gouv,dataset_repo,Recherche Data Gouv,https://entrepot.recherche.data.gouv.fr/citation?persistentId=doi:10.57745/QHUQOP,entrepot.recherche.data.gouv.fr,10.57745,rdg.prod,"Data package for the manuscript ""The Asian ladybird Harmonia axyridis at the interface between biological control and invasion: insights from population and quantitative genetics""",
10.57745/QM0BOR,Recherche Data Gouv,dataset_repo,Recherche Data Gouv,https://entrepot.recherche.data.gouv.fr/citation?persistentId=doi:10.57745/QM0BOR,entrepot.recherche.data.gouv.fr,10.57745,rdg.prod,Untargeted metabolomic dataset of leaves from twenty four accessions of wild and cultivated tomato plants,
10.57745/SO2WOV,Recherche Data Gouv,dataset_repo,Recherche Data Gouv,https://entrepot.recherche.data.gouv.fr/citation?persistentId=doi:10.57745/SO2WOV,entrepot.recherche.data.gouv.fr,10.57745,rdg.prod,Result of a visual detection of non-natural records in streamflow time series for the Explore2 project,
10.57745/SXZNQF,Recherche Data Gouv,dataset_repo,Recherche Data Gouv,https://entrepot.recherche.data.gouv.fr/citation?persistentId=doi:10.57745/SXZNQF,entrepot.recherche.data.gouv.fr,10.57745,rdg.prod,Host plants of Popillia japonica: a review,
10.57745/TAQQFZ,Recherche Data Gouv,dataset_repo,Recherche Data Gouv,https://entrepot.recherche.data.gouv.fr/citation?persistentId=doi:10.57745/TAQQFZ,entrepot.recherche.data.gouv.fr,10.57745,rdg.prod,Wheat Trait and Phenotype Ontology OWL/SKOS,
10.57745/TRYOES,Recherche Data Gouv,dataset_repo,Recherche Data Gouv,https://entrepot.recherche.data.gouv.fr/citation?persistentId=doi:10.57745/TRYOES,entrepot.recherche.data.gouv.fr,10.57745,rdg.prod,Questionnaire et réponses suite à une notification d’alerte sur téléphone portable via le dispositif FR-Alert ©,
10.57745/TV4EB7,Recherche Data Gouv,dataset_repo,Recherche Data Gouv,https://entrepot.recherche.data.gouv.fr/citation?persistentId=doi:10.57745/TV4EB7,entrepot.recherche.data.gouv.fr,10.57745,rdg.prod,Periconia digitata protein fasta file,
10.57745/VCC5KV,Recherche Data Gouv,dataset_repo,Recherche Data Gouv,https://entrepot.recherche.data.gouv.fr/citation?persistentId=doi:10.57745/VCC5KV,entrepot.recherche.data.gouv.fr,10.57745,rdg.prod,"Data associated with the article ""Ridge polariton laser: different from a semiconductor edge-emitting laser""",
10.57745/VEKHQS,Recherche Data Gouv,dataset_repo,Recherche Data Gouv,https://entrepot.recherche.data.gouv.fr/citation?persistentId=doi:10.57745/VEKHQS,entrepot.recherche.data.gouv.fr,10.57745,rdg.prod,Meloidogyne enterolobii E1834 genome structure analysis,
10.57745/WGBWYO,Unknown (DOI not in DataCite),unresolved,,,,,,,not_found
10.57745/WH7FJR,Recherche Data Gouv,dataset_repo,Recherche Data Gouv,https://entrepot.recherche.data.gouv.fr/citation?persistentId=doi:10.57745/WH7FJR,entrepot.recherche.data.gouv.fr,10.57745,rdg.prod,CAMELS-FR dataset,
10.57745/XDVEQW,Recherche Data Gouv,dataset_repo,Recherche Data Gouv,https://entrepot.recherche.data.gouv.fr/citation?persistentId=doi:10.57745/XDVEQW,entrepot.recherche.data.gouv.fr,10.57745,rdg.prod,Curated sequences of cytochrome P450 from Spodoptera frugiperda rice strain,
10.57745/Y0O2LP,Recherche Data Gouv,dataset_repo,Recherche Data Gouv,https://entrepot.recherche.data.gouv.fr/citation?persistentId=doi:10.57745/Y0O2LP,entrepot.recherche.data.gouv.fr,10.57745,rdg.prod,Meloidogyne enterolobii E1834 gene prediction,
10.59641/vv634yh,Unknown (DOI not in DataCite),unresolved,,,,,,,not_found
10.60527/cs9j-2x18,Université Côte d’Azur,dataset_repo,Université Côte d’Azur,https://www.canal-u.tv/,canal-u.tv,10.60527,fmsh.prod,"Journée ""Cycle de vie / Gestion des données de la biologie"" 11 - Nommer, structurer et organiser ses données",
10.6084/m9.figshare.12410363,Figshare,dataset_repo,figshare,https://springernature.figshare.com/articles/dataset/Metadata_record_for_Genome_assembly_and_annotation_of_Meloidogyne_enterolobii_an_emerging_parthenogenetic_root-knot_nematode/12410363,springernature.figshare.com,10.6084,figshare.ars,"Metadata record for: Genome assembly and annotation of Meloidogyne enterolobii, an emerging parthenogenetic root-knot nematode",
10.6084/m9.figshare.22803431,Figshare,dataset_repo,figshare,https://figshare.com/articles/journal_contribution/Mapping_global_orchid_assemblages_with_deep_learning_provides_novel_conservation_insights/22803431,figshare.com,10.6084,figshare.ars,Mapping global orchid assemblages with deep learning provides novel conservation insights,
10.6084/m9.figshare.25027946.v1,Figshare,dataset_repo,figshare,https://figshare.com/articles/software/Reconstitution_of_ORP-mediated_lipid_exchange_coupled_to_PI4P_metabolism_/25027946/1,figshare.com,10.6084,figshare.ars,"Reconstitution of ORP-mediated lipid exchange coupled to PI4P metabolism.""",
10.6084/m9.figshare.27979907,Figshare,dataset_repo,figshare,https://figshare.com/articles/dataset/Structural_dataset_from_the_Lherz_detachment_Gouffre_Georges_Ari_ge_France_/27979907,figshare.com,10.6084,figshare.ars,"Structural dataset from the Lherz detachment (Gouffre Georges, Ariège, France)",
10.6084/m9.figshare.30665321,Figshare,dataset_repo,figshare,https://figshare.com/articles/dataset/An_archaeo-metabolomics_approach_for_identifying_cedar_tar_in_archaeological_samples_differentiating_plant_products_and_production_processes_data_set_/30665321,figshare.com,10.6084,figshare.ars,An archaeo-metabolomics approach for identifying cedar tar in archaeological samples: differentiating plant products and production processes (data set),
10.6096/1010,Theia,dataset_repo,Theia,https://camcatt.sedoo.fr/camcatt-product/?uuid=889f6e4d-9ce5-4727-9d27-8543662c4dd8,camcatt.sedoo.fr,10.6096,inist.omp,Airborne 3D point cloud,
10.6096/1011,Theia,dataset_repo,Theia,https://camcatt.sedoo.fr/camcatt-product/?uuid=d1b0d05e-7ac1-4e69-94d9-0a57686f91cc,camcatt.sedoo.fr,10.6096,inist.omp,Airborne hyperspectral data,
10.6096/1012,Theia,dataset_repo,Theia,https://camcatt.sedoo.fr/camcatt-product/?uuid=66eb550f-c02f-43f7-a822-3dfc0bbce685,camcatt.sedoo.fr,10.6096,inist.omp,Airborne thermal infrared data,
10.6096/1013,Theia,dataset_repo,Theia,https://camcatt.sedoo.fr/camcatt-product/?uuid=935781d7-0f71-49c4-b96a-ac3626536c38,camcatt.sedoo.fr,10.6096,inist.omp,CIMEL land surface emissivity and temperature measurements,
10.6096/1014,Theia,dataset_repo,Theia,https://camcatt.sedoo.fr/camcatt-product/?uuid=61b98a7b-6142-4193-b2bf-9123f2426f32,camcatt.sedoo.fr,10.6096,inist.omp,Meteorological and atmospheric datasets,
10.6096/1015,Theia,dataset_repo,Theia,https://camcatt.sedoo.fr/camcatt-product/?uuid=b8e62a46-768e-4414-bdd1-a7e2e8249f80,camcatt.sedoo.fr,10.6096,inist.omp,SOC410 reflectance measurements,
10.6096/1016,Theia,dataset_repo,Theia,https://camcatt.sedoo.fr/camcatt-product/?uuid=8bc0a165-27ce-4580-8795-9dd2d7b95c73,camcatt.sedoo.fr,10.6096,inist.omp,Vehicle air temperature and humidity measurements,
10.6096/1017,Theia,dataset_repo,Theia,https://camcatt.sedoo.fr/camcatt-product/?uuid=5b2cc16b-8bcc-4e71-82e2-7924a39f0e95,camcatt.sedoo.fr,10.6096,inist.omp,ASD surface reflectance spectra,
10.6096/MISTRALS-HyMeX.1493,Mistrals,dataset_repo,Mistrals,https://mistrals.sedoo.fr/catalogue?uuid=b788f42d-0b21-7fa7-3b10-5ed4a7ed0f94,mistrals.sedoo.fr,10.6096,inist.omp,EuroMedeFF,
10.7289/V56T0JNC,NOAA National Centers for Environmental Information,dataset_repo,NOAA National Centers for Environmental Information,https://www.ncei.noaa.gov/access/metadata/landing-page/bin/iso?id=gov.noaa.ngdc:G01034,ncei.noaa.gov,10.7289,noaa.ncei,Multibeam Bathymetry Database (MBBDB),
10.7819/rbgn.v23i2.4101,Unknown (DOI not in DataCite),unresolved,,,,,,,not_found
10.7910/DVN/KHO1ZY,Harvard Dataverse,dataset_repo,Harvard Dataverse,https://dataverse.harvard.edu/citation?persistentId=doi:10.7910/DVN/KHO1ZY,dataverse.harvard.edu,10.7910,gdcc.harvard-dv,Replication Data for: Dating Solar System's giant planet orbital instability using enstatite meteorites,
10.7910/DVN/TICFQW,Harvard Dataverse,dataset_repo,Harvard Dataverse,https://dataverse.harvard.edu/citation?persistentId=doi:10.7910/DVN/TICFQW,dataverse.harvard.edu,10.7910,gdcc.harvard-dv,CLEC12B glycan array,
10.7914/SN/8G_2016,International Federation of Digital Seismograph Networks,dataset_repo,International Federation of Digital Seismograph Networks,https://www.fdsn.org/networks/detail/8G_2016/,fdsn.org,10.7914,iris.iris,2016 Pedernales Earthquake Aftershock Deployment Ecuador,
10.7914/SN/S1,AusPass,dataset_repo,AusPass,https://www.fdsn.org/networks/detail/S1/,fdsn.org,10.7914,iris.iris,Australian Seismometers in Schools,
10.7914/SN/XE_2016,International Federation of Digital Seismograph Networks,dataset_repo,International Federation of Digital Seismograph Networks,https://www.fdsn.org/networks/detail/XE_2016/,fdsn.org,10.7914,iris.iris,Pedernales,
10.7914/mc8r-ft72,International Federation of Digital Seismograph Networks,dataset_repo,International Federation of Digital Seismograph Networks,https://www.fdsn.org/networks/detail/X5_2020/,fdsn.org,10.7914,iris.iris,Taltal temporary deployment,
10.7914/sn/hy,International Federation of Digital Seismograph Networks,dataset_repo,International Federation of Digital Seismograph Networks,https://www.fdsn.org/networks/detail/HY/,fdsn.org,10.7914,iris.iris,UEH Seismic Network,
