halId_s,hal_uri,hal_title,hal_docType,publication_doi,related_raw,related_kind,dataset_doi,repository,object_kind,publisher,landing_url,landing_host,doi_prefix,datacite_client,dataset_title,resolve_error
hal-01552148,https://hal.science/hal-01552148v1,A generic ontological network for Agri-food experiment integration – Application to viticulture and winemaking,ART,10.1016/j.compag.2017.06.020,10.15454/RJKJBN,doi,10.15454/RJKJBN,Recherche Data Gouv,dataset_repo,Portail Data INRAE,https://data.inrae.fr/citation?persistentId=doi:10.15454/RJKJBN,data.inrae.fr,10.15454,rdg.prod,Ontology for Food Processing Experiment,
hal-01552148,https://hal.science/hal-01552148v1,A generic ontological network for Agri-food experiment integration – Application to viticulture and winemaking,ART,10.1016/j.compag.2017.06.020,10.15454/DPBMBW,doi,10.15454/DPBMBW,Recherche Data Gouv,dataset_repo,Portail Data INRAE,https://data.inrae.fr/citation?persistentId=doi:10.15454/DPBMBW,data.inrae.fr,10.15454,rdg.prod,Agri-Food Experiment Ontology,
hal-01602779,https://hal.science/hal-01602779v1,Hybridization and polyploidy enable genomic plasticity without sex in the most devastating plant-parasitic nematodes,ART,10.1371/journal.pgen.1006777,10.15454/DLDJVF,doi,10.15454/DLDJVF,Recherche Data Gouv,dataset_repo,Portail Data INRAE,https://data.inrae.fr/citation?persistentId=doi:10.15454/DLDJVF,data.inrae.fr,10.15454,rdg.prod,"TE-related genes: annotation, characterisation, and expression.",
hal-01633879,https://inria.hal.science/hal-01633879v1,"Two genomes of highly polyphagous lepidopteran pests (Spodoptera frugiperda, Noctuidae) with different host-plant ranges",ART,10.1038/s41598-017-10461-4,10.57745/D4TG2M,doi,10.57745/D4TG2M,Recherche Data Gouv,dataset_repo,Recherche Data Gouv,https://entrepot.recherche.data.gouv.fr/citation?persistentId=doi:10.57745/D4TG2M,entrepot.recherche.data.gouv.fr,10.57745,rdg.prod,Curated sequences of cytochrome P450 from Spodoptera frugiperda corn strain,
hal-01633879,https://inria.hal.science/hal-01633879v1,"Two genomes of highly polyphagous lepidopteran pests (Spodoptera frugiperda, Noctuidae) with different host-plant ranges",ART,10.1038/s41598-017-10461-4,10.57745/XDVEQW,doi,10.57745/XDVEQW,Recherche Data Gouv,dataset_repo,Recherche Data Gouv,https://entrepot.recherche.data.gouv.fr/citation?persistentId=doi:10.57745/XDVEQW,entrepot.recherche.data.gouv.fr,10.57745,rdg.prod,Curated sequences of cytochrome P450 from Spodoptera frugiperda rice strain,
hal-01774729,https://hal.science/hal-01774729v1,"BRC4Env, a network of Biological Resource Centres for research in environmental and agricultural sciences",ART,10.1007/s11356-018-1973-7,10.15454/D3ODJM,doi,10.15454/D3ODJM,Recherche Data Gouv,dataset_repo,Portail Data INRAE,https://data.inrae.fr/citation?persistentId=doi:10.15454/D3ODJM,data.inrae.fr,10.15454,rdg.prod,"Colisa, the collection of ichthyological samples.",
hal-01774729,https://hal.science/hal-01774729v1,"BRC4Env, a network of Biological Resource Centres for research in environmental and agricultural sciences",ART,10.1007/s11356-018-1973-7,10.15454/L7QN45,doi,10.15454/L7QN45,INRAE (prefix 10.15454),other,INRAE,https://www2.dijon.inrae.fr/plateforme_genosol/,www2.dijon.inrae.fr,10.15454,rdg.prod,Soil Microbial Metagenomics Facility,
hal-01774729,https://hal.science/hal-01774729v1,"BRC4Env, a network of Biological Resource Centres for research in environmental and agricultural sciences",ART,10.1007/s11356-018-1973-7,10.15454/AY4LMT,doi,10.15454/AY4LMT,Recherche Data Gouv,dataset_repo,Portail Data INRAE,https://data.inrae.fr/citation?persistentId=doi:10.15454/AY4LMT,data.inrae.fr,10.15454,rdg.prod,BRC “Egg Parasitoids Collection” (EP-Coll),
hal-01774729,https://hal.science/hal-01774729v1,"BRC4Env, a network of Biological Resource Centres for research in environmental and agricultural sciences",ART,10.1007/s11356-018-1973-7,10.15454/UQEMVW,doi,10.15454/UQEMVW,Recherche Data Gouv,dataset_repo,Portail Data Inra,https://carrtel-collection.hub.inrae.fr/,carrtel-collection.hub.inrae.fr,10.15454,rdg.prod,Thonon Culture Collection -TCC- a freshwater microalgae collection,
hal-01774729,https://hal.science/hal-01774729v1,"BRC4Env, a network of Biological Resource Centres for research in environmental and agricultural sciences",ART,10.1007/s11356-018-1973-7,10.15454/TRBJTB,doi,10.15454/TRBJTB,Recherche Data Gouv,dataset_repo,Portail Data INRAE,https://data.inrae.fr/citation?persistentId=doi:10.15454/TRBJTB,data.inrae.fr,10.15454,rdg.prod,"BRC4Env, the Biological Resource Centre for the Environment",
hal-01794665,https://hal.science/hal-01794665v1,A database of the coseismic effects following the 30 October 2016 Norcia earthquake in Central Italy,ART,10.1038/sdata.2018.49,10.1594/PANGAEA.879469,doi,10.1594/PANGAEA.879469,PANGAEA,dataset_repo,PANGAEA,https://doi.pangaea.de/10.1594/PANGAEA.879469,doi.pangaea.de,10.1594,pangaea.repository,"Coseismic surface geological effects following the 30 October 2016 Mw 6.5 earthquake, central Italy",
hal-01889268,https://hal.science/hal-01889268v2,Consumer perception data and scientific arguments about food packaging functionalities for fresh strawberries,ART,10.1016/j.dib.2018.09.034,10.15454/GNBUFH,doi,10.15454/GNBUFH,Recherche Data Gouv,dataset_repo,INRA,https://data.inrae.fr/citation?persistentId=doi:10.15454/GNBUFH,data.inrae.fr,10.15454,rdg.prod,Consumer perception data about food packaging functionalities for fresh strawberries - Consumers’ answers to poll for Wood packaging,
hal-01889268,https://hal.science/hal-01889268v2,Consumer perception data and scientific arguments about food packaging functionalities for fresh strawberries,ART,10.1016/j.dib.2018.09.034,10.15454/UBPOQG,doi,10.15454/UBPOQG,Recherche Data Gouv,dataset_repo,INRA,https://data.inrae.fr/citation?persistentId=doi:10.15454/UBPOQG,data.inrae.fr,10.15454,rdg.prod,Consumer perception data about food packaging functionalities for fresh strawberries - Consumers’ answers to poll for Plastic with plastic film,
hal-01889268,https://hal.science/hal-01889268v2,Consumer perception data and scientific arguments about food packaging functionalities for fresh strawberries,ART,10.1016/j.dib.2018.09.034,10.15454/HKIQFJ,doi,10.15454/HKIQFJ,Recherche Data Gouv,dataset_repo,INRA,https://data.inrae.fr/citation?persistentId=doi:10.15454/HKIQFJ,data.inrae.fr,10.15454,rdg.prod,Consumer perception data about food packaging functionalities for fresh strawberries - Consumers’ answers to poll for Plastic rigid lid,
hal-01889268,https://hal.science/hal-01889268v2,Consumer perception data and scientific arguments about food packaging functionalities for fresh strawberries,ART,10.1016/j.dib.2018.09.034,10.15454/IHVM9P,doi,10.15454/IHVM9P,Recherche Data Gouv,dataset_repo,INRA,https://data.inrae.fr/citation?persistentId=doi:10.15454/IHVM9P,data.inrae.fr,10.15454,rdg.prod,Consumer perception data about food packaging functionalities for fresh strawberries: consumers' answers to poll for Plastic not closed,
hal-01889268,https://hal.science/hal-01889268v2,Consumer perception data and scientific arguments about food packaging functionalities for fresh strawberries,ART,10.1016/j.dib.2018.09.034,10.15454/F4C8I0,doi,10.15454/F4C8I0,Recherche Data Gouv,dataset_repo,INRA,https://data.inrae.fr/citation?persistentId=doi:10.15454/F4C8I0,data.inrae.fr,10.15454,rdg.prod,Consumer perception data about food packaging functionalities for fresh strawberries - Wood packaging consumers’ arguments,
hal-01889268,https://hal.science/hal-01889268v2,Consumer perception data and scientific arguments about food packaging functionalities for fresh strawberries,ART,10.1016/j.dib.2018.09.034,10.15454/GMWB8Q,doi,10.15454/GMWB8Q,Recherche Data Gouv,dataset_repo,INRA,https://data.inrae.fr/citation?persistentId=doi:10.15454/GMWB8Q,data.inrae.fr,10.15454,rdg.prod,Consumer perception data about food packaging functionalities for fresh strawberries - Plastic with plastic film consumers’ arguments,
hal-01889268,https://hal.science/hal-01889268v2,Consumer perception data and scientific arguments about food packaging functionalities for fresh strawberries,ART,10.1016/j.dib.2018.09.034,10.15454/DC9PYL,doi,10.15454/DC9PYL,Recherche Data Gouv,dataset_repo,INRA,https://data.inrae.fr/citation?persistentId=doi:10.15454/DC9PYL,data.inrae.fr,10.15454,rdg.prod,Consumer perception data about food packaging functionalities for fresh strawberries - Plastic rigid lid consumers’ arguments,
hal-01889268,https://hal.science/hal-01889268v2,Consumer perception data and scientific arguments about food packaging functionalities for fresh strawberries,ART,10.1016/j.dib.2018.09.034,10.15454/NM3WET,doi,10.15454/NM3WET,Recherche Data Gouv,dataset_repo,INRA,https://data.inrae.fr/citation?persistentId=doi:10.15454/NM3WET,data.inrae.fr,10.15454,rdg.prod,Consumer perception data about food packaging functionalities for fresh strawberries - Plastic not closed consumers’ arguments,
hal-01889268,https://hal.science/hal-01889268v2,Consumer perception data and scientific arguments about food packaging functionalities for fresh strawberries,ART,10.1016/j.dib.2018.09.034,10.15454/VDNRH6,doi,10.15454/VDNRH6,Recherche Data Gouv,dataset_repo,INRA,https://data.inrae.fr/citation?persistentId=doi:10.15454/VDNRH6,data.inrae.fr,10.15454,rdg.prod,Scientific arguments about food packaging functionalities for fresh strawberries - Food packaging expert’s arguments for all packagings,
hal-01897110,https://hal.science/hal-01897110v1,Integrated high-resolution dataset of high-intensity European and Mediterranean flash floods,ART,10.5194/essd-10-1783-2018,10.6096/MISTRALS-HyMeX.1493,doi,10.6096/MISTRALS-HyMeX.1493,Mistrals,dataset_repo,Mistrals,https://mistrals.sedoo.fr/catalogue?uuid=b788f42d-0b21-7fa7-3b10-5ed4a7ed0f94,mistrals.sedoo.fr,10.6096,inist.omp,EuroMedeFF,
hal-01897114,https://hal.science/hal-01897114v1,"A high space–time resolution dataset linking meteorological forcing and hydro-sedimentary response in a mesoscale Mediterranean catchment (Auzon) of the Ardèche region, France",ART,10.5194/essd-9-221-2017,10.57745/J2A44Q,doi,10.57745/J2A44Q,Recherche Data Gouv,dataset_repo,Recherche Data Gouv,https://entrepot.recherche.data.gouv.fr/citation?persistentId=doi:10.57745/J2A44Q,entrepot.recherche.data.gouv.fr,10.57745,rdg.prod,Numerical simulation of rainfall and runoff driven erosion at the hillslope scale: four rainfall events on the Pradel plot,
hal-02059905,https://hal.science/hal-02059905v1,Les stratégies low-cost,ART,10.3166/rfg.2017.00162,hal-04713055,hal_id,,,,,,,,,,
hal-02190845,https://inria.hal.science/hal-02190845v1,MUSDB18 - a corpus for music separation,OTHER,10.5281/zenodo.1117371,10.5281/zenodo.1117372,doi,10.5281/zenodo.1117372,Zenodo,dataset_repo,Zenodo,https://zenodo.org/record/1117372,zenodo.org,10.5281,cern.zenodo,MUSDB18 - a corpus for music separation,
hal-02200605,https://hal.science/hal-02200605v1,"Fluid‐Induced Swarms and Coseismic Stress Transfer: A Dual Process Highlighted in the Aftershock Sequence of the 7 April 2014 Earthquake (Ml 4.8, Ubaye, France)",ART,10.1029/2018JB017226,10.15778/RESIF.FR,doi,10.15778/RESIF.FR,Epos-France Seismological Data Center,dataset_repo,Epos-France Seismological Data Center,https://seismology.epos-france.fr/networks/#/FR,seismology.epos-france.fr,10.15778,inist.resif,Epos-France Broad-band network (RLBP),
hal-02462553,https://hal.science/hal-02462553v1,"Meteospace, a New Instrument for Solar Survey at the Calern Observatory",ART,10.1007/s11207-019-1569-5,10.57745/OP1JFC,doi,10.57745/OP1JFC,Recherche Data Gouv,dataset_repo,Recherche Data Gouv,https://entrepot.recherche.data.gouv.fr/citation?persistentId=doi:10.57745/OP1JFC,entrepot.recherche.data.gouv.fr,10.57745,rdg.prod,Catalogs of solar observations of Meudon and Haute Provence Hα heliographs (1954-2004) and their instrumental capabilities,
hal-02555136,https://hal.inrae.fr/hal-02555136v1,Argumentation Corrected Context Weighting-Life Cycle Assessment: A Practical Method of Including Stakeholder Perspectives in Multi-Criteria Decision Support for LCA,ART,10.3390/su12062170,10.15454/XVL4BA,doi,10.15454/XVL4BA,Recherche Data Gouv,dataset_repo,Portail Data INRAE,https://data.inrae.fr/citation?persistentId=doi:10.15454/XVL4BA,data.inrae.fr,10.15454,rdg.prod,Preferences and justifications of NoAW stakeholders about the importance on LCA (Life Cycle Analysis) impact categories,
hal-02570868,https://hal.science/hal-02570868v4,The hidden side of the Allee effect: correlated demographic traits and extinction risk in experimental populations,UNDEFINED,,10.15454/TRBJTB,doi,10.15454/TRBJTB,Recherche Data Gouv,dataset_repo,Portail Data INRAE,https://data.inrae.fr/citation?persistentId=doi:10.15454/TRBJTB,data.inrae.fr,10.15454,rdg.prod,"BRC4Env, the Biological Resource Centre for the Environment",
hal-02622160,https://hal.inrae.fr/hal-02622160v1,"Pushing the limits of whole genome amplification: successful sequencing of RADseq library from a single microhymenopteran (Chalcidoidea, Trichogramma)",ART,10.7717/peerj.5640,10.15454/AY4LMT,doi,10.15454/AY4LMT,Recherche Data Gouv,dataset_repo,Portail Data INRAE,https://data.inrae.fr/citation?persistentId=doi:10.15454/AY4LMT,data.inrae.fr,10.15454,rdg.prod,BRC “Egg Parasitoids Collection” (EP-Coll),
hal-02890453,https://hal.science/hal-02890453v1,Towards a sonic ecology of urban life: Ethnography of sound perception in Cairo,ART,10.1080/17458927.2020.1763606,10.5281/zenodo.3953044,doi,10.5281/zenodo.3953044,Zenodo,dataset_repo,Zenodo,https://zenodo.org/record/3953044,zenodo.org,10.5281,cern.zenodo,"Lexicon from the ""Mics in the ears"" experimental procedure Lexique issu du dispositif expérimental « Des micros dans les oreilles »",
hal-02890453,https://hal.science/hal-02890453v1,Towards a sonic ecology of urban life: Ethnography of sound perception in Cairo,ART,10.1080/17458927.2020.1763606,10.5281/zenodo.3951008,doi,10.5281/zenodo.3951008,Zenodo,dataset_repo,Zenodo,https://zenodo.org/record/3951008,zenodo.org,10.5281,cern.zenodo,"Hassan #1 Arabic and French transcripts of description and comments on his recording in Darb al-Ahmar, Cairo (Egypt), 25-10-2011",
hal-02890453,https://hal.science/hal-02890453v1,Towards a sonic ecology of urban life: Ethnography of sound perception in Cairo,ART,10.1080/17458927.2020.1763606,10.5281/zenodo.3952854,doi,10.5281/zenodo.3952854,Zenodo,dataset_repo,Zenodo,https://zenodo.org/record/3952854,zenodo.org,10.5281,cern.zenodo,"Mona Arabic and French transcripts of description and comments on her recording in Bashtil, Cairo (Egypt), 26-10-2011",
hal-02890453,https://hal.science/hal-02890453v1,Towards a sonic ecology of urban life: Ethnography of sound perception in Cairo,ART,10.1080/17458927.2020.1763606,10.5281/zenodo.3952865,doi,10.5281/zenodo.3952865,Zenodo,dataset_repo,Zenodo,https://zenodo.org/record/3952865,zenodo.org,10.5281,cern.zenodo,"Leyla Arabic and French transcripts of description and comments on her recording in Darb al-Ahmar, Cairo (Egypt), 27-10-2011",
hal-02890453,https://hal.science/hal-02890453v1,Towards a sonic ecology of urban life: Ethnography of sound perception in Cairo,ART,10.1080/17458927.2020.1763606,10.5281/zenodo.3952867,doi,10.5281/zenodo.3952867,Zenodo,dataset_repo,Zenodo,https://zenodo.org/record/3952867,zenodo.org,10.5281,cern.zenodo,"Hassan #2 Arabic and French transcripts of description and comments on his recording in Duwiqa, Cairo (Egypt), 28-09-2012",
hal-02890453,https://hal.science/hal-02890453v1,Towards a sonic ecology of urban life: Ethnography of sound perception in Cairo,ART,10.1080/17458927.2020.1763606,10.5281/zenodo.3952872,doi,10.5281/zenodo.3952872,Zenodo,dataset_repo,Zenodo,https://zenodo.org/record/3952872,zenodo.org,10.5281,cern.zenodo,"Salma Arabic and French transcripts of description and comments on her recording in Wast al-Balad, Cairo (Egypt), 26-09-2012",
hal-02890453,https://hal.science/hal-02890453v1,Towards a sonic ecology of urban life: Ethnography of sound perception in Cairo,ART,10.1080/17458927.2020.1763606,10.5281/zenodo.3952878,doi,10.5281/zenodo.3952878,Zenodo,dataset_repo,Zenodo,https://zenodo.org/record/3952878,zenodo.org,10.5281,cern.zenodo,"Samir Arabic and French transcripts of description and comments on his recording in Bashtil, Cairo (Egypt), 28-09-2012",
hal-02890453,https://hal.science/hal-02890453v1,Towards a sonic ecology of urban life: Ethnography of sound perception in Cairo,ART,10.1080/17458927.2020.1763606,10.5281/zenodo.3952883,doi,10.5281/zenodo.3952883,Zenodo,dataset_repo,Zenodo,https://zenodo.org/record/3952883,zenodo.org,10.5281,cern.zenodo,"Shady Arabic and French transcripts of description and comments on his recording in Wast al-Balad, Cairo (Egypt), 26-09-2012",
hal-02890453,https://hal.science/hal-02890453v1,Towards a sonic ecology of urban life: Ethnography of sound perception in Cairo,ART,10.1080/17458927.2020.1763606,10.5281/zenodo.3952887,doi,10.5281/zenodo.3952887,Zenodo,dataset_repo,Zenodo,https://zenodo.org/record/3952887,zenodo.org,10.5281,cern.zenodo,"Evelyn Arabic and French transcripts of description and comments on her recording in Wast al-Balad, Cairo (Egypt), 29-05-2013",
hal-02890453,https://hal.science/hal-02890453v1,Towards a sonic ecology of urban life: Ethnography of sound perception in Cairo,ART,10.1080/17458927.2020.1763606,10.5281/zenodo.3952889,doi,10.5281/zenodo.3952889,Zenodo,dataset_repo,Zenodo,https://zenodo.org/record/3952889,zenodo.org,10.5281,cern.zenodo,"Mohammed Arabic and French transcripts of description and comments on his recording in Ghamra, Cairo (Egypt), 30-05-2013",
hal-02890453,https://hal.science/hal-02890453v1,Towards a sonic ecology of urban life: Ethnography of sound perception in Cairo,ART,10.1080/17458927.2020.1763606,10.5281/zenodo.3952902,doi,10.5281/zenodo.3952902,Zenodo,dataset_repo,Zenodo,https://zenodo.org/record/3952902,zenodo.org,10.5281,cern.zenodo,"Maurice Arabic and French transcripts of description and comments on his recording in Garden City, Cairo (Egypt), 30-05-2013",
hal-02972492,https://hal.inrae.fr/hal-02972492v1,"Genome assembly and annotation of Meloidogyne enterolobii, an emerging parthenogenetic root- knot nematode",ART,10.1038/s41597-020-00666-0,10.6084/m9.figshare.12410363,doi,10.6084/m9.figshare.12410363,Figshare,dataset_repo,figshare,https://springernature.figshare.com/articles/dataset/Metadata_record_for_Genome_assembly_and_annotation_of_Meloidogyne_enterolobii_an_emerging_parthenogenetic_root-knot_nematode/12410363,springernature.figshare.com,10.6084,figshare.ars,"Metadata record for: Genome assembly and annotation of Meloidogyne enterolobii, an emerging parthenogenetic root-knot nematode",
hal-03013147,https://agroparistech.hal.science/hal-03013147v1,Food transformation process description using PO2 and FoodOn,COMM,,10.15454/XSVVBW,doi,10.15454/XSVVBW,Recherche Data Gouv,dataset_repo,Recherche Data Gouv,https://entrepot.recherche.data.gouv.fr/citation?persistentId=doi:10.15454/XSVVBW,entrepot.recherche.data.gouv.fr,10.15454,rdg.prod,PO² Process and Observation Ontology,
hal-03065279,https://inria.hal.science/hal-03065279v1,Adaptation by copy number variation increases insecticide resistance in the fall armyworm,ART,10.1038/s42003-020-01382-6,10.57745/D4TG2M,doi,10.57745/D4TG2M,Recherche Data Gouv,dataset_repo,Recherche Data Gouv,https://entrepot.recherche.data.gouv.fr/citation?persistentId=doi:10.57745/D4TG2M,entrepot.recherche.data.gouv.fr,10.57745,rdg.prod,Curated sequences of cytochrome P450 from Spodoptera frugiperda corn strain,
hal-03065279,https://inria.hal.science/hal-03065279v1,Adaptation by copy number variation increases insecticide resistance in the fall armyworm,ART,10.1038/s42003-020-01382-6,10.57745/XDVEQW,doi,10.57745/XDVEQW,Recherche Data Gouv,dataset_repo,Recherche Data Gouv,https://entrepot.recherche.data.gouv.fr/citation?persistentId=doi:10.57745/XDVEQW,entrepot.recherche.data.gouv.fr,10.57745,rdg.prod,Curated sequences of cytochrome P450 from Spodoptera frugiperda rice strain,
hal-03144754,https://hal.science/hal-03144754v1,"BRC4Env, a network of Biological Resource Centres for environmental resources",POSTER,10.15454/TRBJTB,10.15454/D6XAKL,doi,10.15454/D6XAKL,Recherche Data Gouv,dataset_repo,Recherche Data Gouv,https://entrepot.recherche.data.gouv.fr/citation?persistentId=doi:10.15454/D6XAKL,entrepot.recherche.data.gouv.fr,10.15454,rdg.prod,CBGP - Continental Arthropod Collection,
hal-03210867,https://hal.inrae.fr/hal-03210867v1,Food and habitat supplementation promotes predatory mites and enhances pest control,ART,10.1016/j.biocontrol.2021.104604,10.15454/0AFUU9,doi,10.15454/0AFUU9,Recherche Data Gouv,dataset_repo,Portail Data INRAE,https://data.inrae.fr/citation?persistentId=doi:10.15454/0AFUU9,data.inrae.fr,10.15454,rdg.prod,"Data associated with ""Food and habitat supplementation promotes predatory mites and enhances pest control"" by Etienne L., Bresch C., van Oudenhove L. and Mailleret L. To appear in ""Biological Control""",
hal-03272953,https://laas.hal.science/hal-03272953v1,Low Temperature Deposition of Highly Cyclable Porous Prussian Blue Cathode for Lithium‐Ion Microbattery,ART,10.1002/smll.202101615,10.5281/zenodo.4774324,doi,10.5281/zenodo.4774324,Zenodo,dataset_repo,Zenodo,https://zenodo.org/record/4774324,zenodo.org,10.5281,cern.zenodo,Low Temperature Deposition of Highly Cyclable Porous Prussian Blue Cathode for Lithium-Ion Microbattery,
hal-03288922,https://hal.inrae.fr/hal-03288922v1,The discernible and hidden effects of clonality on the genotypic and genetic states of populations: Improving our estimation of clonal rates,ART,10.1111/1755-0998.13316,10.15454/FEQ1Z6,doi,10.15454/FEQ1Z6,Recherche Data Gouv,dataset_repo,Portail Data INRAE,https://data.inrae.fr/citation?persistentId=doi:10.15454/FEQ1Z6,data.inrae.fr,10.15454,rdg.prod,The discernible and hidden effects of clonality on the genotypic and genetic states of populations: improving our estimation of clonal rates,
hal-03521600,https://hal.science/hal-03521600v2,Ridge Polariton Laser: Different from a Semiconductor Edge-Emitting Laser,ART,10.1103/PhysRevApplied.18.044029,10.57745/VCC5KV,doi,10.57745/VCC5KV,Recherche Data Gouv,dataset_repo,Recherche Data Gouv,https://entrepot.recherche.data.gouv.fr/citation?persistentId=doi:10.57745/VCC5KV,entrepot.recherche.data.gouv.fr,10.57745,rdg.prod,"Data associated with the article ""Ridge polariton laser: different from a semiconductor edge-emitting laser""",
hal-03545512,https://hal-lara.archives-ouvertes.fr/hal-03545512v1,Pratiques et usages des outils numériques dans les communautés scientifiques en France,REPORT,10.52949/5,10.5281/zenodo.5827206,doi,10.5281/zenodo.5827206,Zenodo,dataset_repo,Zenodo,https://zenodo.org/record/5827206,zenodo.org,10.5281,cern.zenodo,State of open science practices in France _ Dataset,
hal-03589161,https://hal.science/hal-03589161v1,ESPON Big Data for Territorial - Analysis and Housing Dynamics. Wellbeing of European citizens regarding the affordability of housing.,REPORT,,10.34847/nkl.aaea911g,doi,10.34847/nkl.aaea911g,NAKALA,dataset_repo,NAKALA - https://nakala.fr (Huma-Num - CNRS),https://nakala.fr/10.34847/nkl.aaea911g,nakala.fr,10.34847,inist.humanum,Unequal housing affordability across European cities,
hal-03601464,https://hal.inrae.fr/hal-03601464v1,Can Artificial Intelligence Help in the Study of Vegetative Growth Patterns from Herbarium Collections? An Evaluation of the Tropical Flora of the French Guiana Forest,ART,10.3390/plants11040530,10.5281/zenodo.5777028,doi,10.5281/zenodo.5777028,Zenodo,dataset_repo,Zenodo,https://zenodo.org/record/5777028,zenodo.org,10.5281,cern.zenodo,Can Artificial Intelligence help in the study of vegetative growth dynamics from herbarium collections? An evaluation of the tropical flora of the French Guiana forest,
hal-03687235,https://hal.inrae.fr/hal-03687235v1,CAMELS-FR: A large sample hydroclimatic dataset for France to explore hydrological diversity and support model benchmarking,COMM,,10.57745/WH7FJR,doi,10.57745/WH7FJR,Recherche Data Gouv,dataset_repo,Recherche Data Gouv,https://entrepot.recherche.data.gouv.fr/citation?persistentId=doi:10.57745/WH7FJR,entrepot.recherche.data.gouv.fr,10.57745,rdg.prod,CAMELS-FR dataset,
hal-03687235,https://hal.inrae.fr/hal-03687235v1,CAMELS-FR: A large sample hydroclimatic dataset for France to explore hydrological diversity and support model benchmarking,COMM,,10.57745/HBQWP5,doi,10.57745/HBQWP5,Recherche Data Gouv,dataset_repo,Recherche Data Gouv,https://entrepot.recherche.data.gouv.fr/citation?persistentId=doi:10.57745/HBQWP5,entrepot.recherche.data.gouv.fr,10.57745,rdg.prod,CAMELS-FR time series dynamic graphs,
hal-03687235,https://hal.inrae.fr/hal-03687235v1,CAMELS-FR: A large sample hydroclimatic dataset for France to explore hydrological diversity and support model benchmarking,COMM,,10.57745/KK2SVJ,doi,10.57745/KK2SVJ,Recherche Data Gouv,dataset_repo,Recherche Data Gouv,https://entrepot.recherche.data.gouv.fr/citation?persistentId=doi:10.57745/KK2SVJ,entrepot.recherche.data.gouv.fr,10.57745,rdg.prod,CAMELS-FR graphical fact sheets,
hal-03717858,https://hal.science/hal-03717858v1,Customizable Visualization of Quality Metrics for Object-Oriented Variability Implementations,COMM,10.1145/3546932.3547073,10.5281/zenodo.6644634,doi,10.5281/zenodo.6644634,Zenodo,dataset_repo,Zenodo,https://zenodo.org/record/6644634,zenodo.org,10.5281,cern.zenodo,Customizable Visualization of Quality Metrics for Object-Oriented Variability Implementations - Artifact,
hal-03931195,https://hal.inrae.fr/hal-03931195v1,Improvement of eukaryotic protein predictions from soil metagenomes,ART,10.1038/s41597-022-01420-4,10.15454/E2VTRB,doi,10.15454/E2VTRB,Recherche Data Gouv,dataset_repo,Portail Data INRAE,https://data.inrae.fr/citation?persistentId=doi:10.15454/E2VTRB,data.inrae.fr,10.15454,rdg.prod,Improvement of eukaryotic protein predictions from soil metagenomes,
hal-03997711,https://hal.science/hal-03997711v1,Enquête sur les Données de la Recherche au sein de deux universités françaises,REPORT,,10.57745/BIC6MB,doi,10.57745/BIC6MB,Recherche Data Gouv,dataset_repo,Recherche Data Gouv,https://entrepot.recherche.data.gouv.fr/citation?persistentId=doi:10.57745/BIC6MB,entrepot.recherche.data.gouv.fr,10.57745,rdg.prod,Réponses Enquête Données de la recherche Université de Strasbourg et Université Côte d’Azur,
hal-04064296,https://hal.science/hal-04064296v1,Multi-source datasets acquired over Toulouse (France) in 2021 for urban microclimate studies during the CAMCATT/AI4GEO field campaign,ART,10.1016/j.dib.2023.109109,10.6096/1010,doi,10.6096/1010,Theia,dataset_repo,Theia,https://camcatt.sedoo.fr/camcatt-product/?uuid=889f6e4d-9ce5-4727-9d27-8543662c4dd8,camcatt.sedoo.fr,10.6096,inist.omp,Airborne 3D point cloud,
hal-04064296,https://hal.science/hal-04064296v1,Multi-source datasets acquired over Toulouse (France) in 2021 for urban microclimate studies during the CAMCATT/AI4GEO field campaign,ART,10.1016/j.dib.2023.109109,10.6096/1011,doi,10.6096/1011,Theia,dataset_repo,Theia,https://camcatt.sedoo.fr/camcatt-product/?uuid=d1b0d05e-7ac1-4e69-94d9-0a57686f91cc,camcatt.sedoo.fr,10.6096,inist.omp,Airborne hyperspectral data,
hal-04064296,https://hal.science/hal-04064296v1,Multi-source datasets acquired over Toulouse (France) in 2021 for urban microclimate studies during the CAMCATT/AI4GEO field campaign,ART,10.1016/j.dib.2023.109109,10.6096/1012,doi,10.6096/1012,Theia,dataset_repo,Theia,https://camcatt.sedoo.fr/camcatt-product/?uuid=66eb550f-c02f-43f7-a822-3dfc0bbce685,camcatt.sedoo.fr,10.6096,inist.omp,Airborne thermal infrared data,
hal-04064296,https://hal.science/hal-04064296v1,Multi-source datasets acquired over Toulouse (France) in 2021 for urban microclimate studies during the CAMCATT/AI4GEO field campaign,ART,10.1016/j.dib.2023.109109,10.6096/1017,doi,10.6096/1017,Theia,dataset_repo,Theia,https://camcatt.sedoo.fr/camcatt-product/?uuid=5b2cc16b-8bcc-4e71-82e2-7924a39f0e95,camcatt.sedoo.fr,10.6096,inist.omp,ASD surface reflectance spectra,
hal-04064296,https://hal.science/hal-04064296v1,Multi-source datasets acquired over Toulouse (France) in 2021 for urban microclimate studies during the CAMCATT/AI4GEO field campaign,ART,10.1016/j.dib.2023.109109,10.6096/1013,doi,10.6096/1013,Theia,dataset_repo,Theia,https://camcatt.sedoo.fr/camcatt-product/?uuid=935781d7-0f71-49c4-b96a-ac3626536c38,camcatt.sedoo.fr,10.6096,inist.omp,CIMEL land surface emissivity and temperature measurements,
hal-04064296,https://hal.science/hal-04064296v1,Multi-source datasets acquired over Toulouse (France) in 2021 for urban microclimate studies during the CAMCATT/AI4GEO field campaign,ART,10.1016/j.dib.2023.109109,10.6096/1014,doi,10.6096/1014,Theia,dataset_repo,Theia,https://camcatt.sedoo.fr/camcatt-product/?uuid=61b98a7b-6142-4193-b2bf-9123f2426f32,camcatt.sedoo.fr,10.6096,inist.omp,Meteorological and atmospheric datasets,
hal-04064296,https://hal.science/hal-04064296v1,Multi-source datasets acquired over Toulouse (France) in 2021 for urban microclimate studies during the CAMCATT/AI4GEO field campaign,ART,10.1016/j.dib.2023.109109,10.6096/1015,doi,10.6096/1015,Theia,dataset_repo,Theia,https://camcatt.sedoo.fr/camcatt-product/?uuid=b8e62a46-768e-4414-bdd1-a7e2e8249f80,camcatt.sedoo.fr,10.6096,inist.omp,SOC410 reflectance measurements,
hal-04064296,https://hal.science/hal-04064296v1,Multi-source datasets acquired over Toulouse (France) in 2021 for urban microclimate studies during the CAMCATT/AI4GEO field campaign,ART,10.1016/j.dib.2023.109109,10.6096/1016,doi,10.6096/1016,Theia,dataset_repo,Theia,https://camcatt.sedoo.fr/camcatt-product/?uuid=8bc0a165-27ce-4580-8795-9dd2d7b95c73,camcatt.sedoo.fr,10.6096,inist.omp,Vehicle air temperature and humidity measurements,
hal-04122511,https://hal.science/hal-04122511v1,Early Release Science of the exoplanet WASP-39b with JWST NIRSpec G395H,ART,10.1038/s41586-022-05591-3,10.5281/zenodo.7185300,doi,10.5281/zenodo.7185300,Zenodo,dataset_repo,Zenodo,https://zenodo.org/record/7185300,zenodo.org,10.5281,cern.zenodo,"Products and Models for ""Early Release Science of the Exoplanet WASP-39b with JWST NIRSpec G395H""",
hal-04127383,https://hal.science/hal-04127383v1,Les enseignant(e)s de la Martinique en période de confinement : la continuité pédagogique en question,ART,10.3917/cdle.055.0054,10.17632/tt7mfggc44.3,doi,10.17632/tt7mfggc44.3,Mendeley Data,dataset_repo,Mendeley,https://data.mendeley.com/datasets/tt7mfggc44/3,data.mendeley.com,10.17632,bl.mendeley,Les enseignant(e)s et éducateur(trice)s pendant le confinement (Martinique),
hal-04130380,https://hal.science/hal-04130380v1,Temporal Brain Networks Dataset,POSTER,,10.57745/PR8VUV,doi,10.57745/PR8VUV,Recherche Data Gouv,dataset_repo,Recherche Data Gouv,https://entrepot.recherche.data.gouv.fr/citation?persistentId=doi:10.57745/PR8VUV,entrepot.recherche.data.gouv.fr,10.57745,rdg.prod,Temporal Brain Networks,
hal-04162960,https://hal.inrae.fr/hal-04162960v4,airGRdatasets: Hydro-Meteorological Catchments Datasets for the 'airGR' Packages. Manual of the R package version 0.2.3,OTHER,,10.57745/3SPJ4B,doi,10.57745/3SPJ4B,Recherche Data Gouv,dataset_repo,Recherche Data Gouv,https://entrepot.recherche.data.gouv.fr/citation?persistentId=doi:10.57745/3SPJ4B,entrepot.recherche.data.gouv.fr,10.57745,rdg.prod,airGRdatasets: Hydro-Meteorological Catchments Datasets for the 'airGR' Packages. R package version 0.2.1,
hal-04169728,https://hal.inrae.fr/hal-04169728v1,A nationwide pest risk analysis in the context of the ongoing Japanese beetle invasion in Continental Europe: The case of metropolitan France,ART,10.3389/finsc.2022.1079756,10.57745/SXZNQF,doi,10.57745/SXZNQF,Recherche Data Gouv,dataset_repo,Recherche Data Gouv,https://entrepot.recherche.data.gouv.fr/citation?persistentId=doi:10.57745/SXZNQF,entrepot.recherche.data.gouv.fr,10.57745,rdg.prod,Host plants of Popillia japonica: a review,
hal-04180802,https://hal.science/hal-04180802v1,A machine learning framework for the quantification of experimental uveitis in murine OCT,ART,10.1364/BOE.489271,10.5523/bris.ypfrg4sz8jwi2ehjqjubbq526,doi,10.5523/bris.ypfrg4sz8jwi2ehjqjubbq526,University of Bristol,dataset_repo,University of Bristol,https://data.bris.ac.uk/data/dataset/ypfrg4sz8jwi2ehjqjubbq526/,data.bris.ac.uk,10.5523,bl.bristol,3D OCT Images of Murine Uveitis,
hal-04198172,https://hal.inrae.fr/hal-04198172v1,Genome sequence and annotation of Periconia digitata a hopeful biocontrol agent of phytopathogenic oomycetes,ART,10.1038/s41597-023-02440-4,10.57745/GU67TE,doi,10.57745/GU67TE,Recherche Data Gouv,dataset_repo,Recherche Data Gouv,https://entrepot.recherche.data.gouv.fr/citation?persistentId=doi:10.57745/GU67TE,entrepot.recherche.data.gouv.fr,10.57745,rdg.prod,Periconia digitata Interproscan annotation,
hal-04198172,https://hal.inrae.fr/hal-04198172v1,Genome sequence and annotation of Periconia digitata a hopeful biocontrol agent of phytopathogenic oomycetes,ART,10.1038/s41597-023-02440-4,10.57745/FB9OVN,doi,10.57745/FB9OVN,Recherche Data Gouv,dataset_repo,Recherche Data Gouv,https://entrepot.recherche.data.gouv.fr/citation?persistentId=doi:10.57745/FB9OVN,entrepot.recherche.data.gouv.fr,10.57745,rdg.prod,Periconia digitata genome,
hal-04198172,https://hal.inrae.fr/hal-04198172v1,Genome sequence and annotation of Periconia digitata a hopeful biocontrol agent of phytopathogenic oomycetes,ART,10.1038/s41597-023-02440-4,10.57745/BAPYY5,doi,10.57745/BAPYY5,Recherche Data Gouv,dataset_repo,Recherche Data Gouv,https://entrepot.recherche.data.gouv.fr/citation?persistentId=doi:10.57745/BAPYY5,entrepot.recherche.data.gouv.fr,10.57745,rdg.prod,Periconia digitata structural annotation,
hal-04198172,https://hal.inrae.fr/hal-04198172v1,Genome sequence and annotation of Periconia digitata a hopeful biocontrol agent of phytopathogenic oomycetes,ART,10.1038/s41597-023-02440-4,10.57745/TV4EB7,doi,10.57745/TV4EB7,Recherche Data Gouv,dataset_repo,Recherche Data Gouv,https://entrepot.recherche.data.gouv.fr/citation?persistentId=doi:10.57745/TV4EB7,entrepot.recherche.data.gouv.fr,10.57745,rdg.prod,Periconia digitata protein fasta file,
hal-04198172,https://hal.inrae.fr/hal-04198172v1,Genome sequence and annotation of Periconia digitata a hopeful biocontrol agent of phytopathogenic oomycetes,ART,10.1038/s41597-023-02440-4,10.57745/71DS6F,doi,10.57745/71DS6F,Recherche Data Gouv,dataset_repo,Recherche Data Gouv,https://entrepot.recherche.data.gouv.fr/citation?persistentId=doi:10.57745/71DS6F,entrepot.recherche.data.gouv.fr,10.57745,rdg.prod,Periconia digitata CDS fasta file,
hal-04198172,https://hal.inrae.fr/hal-04198172v1,Genome sequence and annotation of Periconia digitata a hopeful biocontrol agent of phytopathogenic oomycetes,ART,10.1038/s41597-023-02440-4,10.57745/5ODV0C,doi,10.57745/5ODV0C,Recherche Data Gouv,dataset_repo,Recherche Data Gouv,https://entrepot.recherche.data.gouv.fr/citation?persistentId=doi:10.57745/5ODV0C,entrepot.recherche.data.gouv.fr,10.57745,rdg.prod,Periconia digitata gene fasta file,
hal-04198172,https://hal.inrae.fr/hal-04198172v1,Genome sequence and annotation of Periconia digitata a hopeful biocontrol agent of phytopathogenic oomycetes,ART,10.1038/s41597-023-02440-4,10.57745/FHNYJU,doi,10.57745/FHNYJU,Recherche Data Gouv,dataset_repo,Recherche Data Gouv,https://entrepot.recherche.data.gouv.fr/citation?persistentId=doi:10.57745/FHNYJU,entrepot.recherche.data.gouv.fr,10.57745,rdg.prod,Periconia digitata proteins identified by mass spectrometry,
hal-04208050,https://hal.inrae.fr/hal-04208050v1,airGRteaching: an open-source tool for teaching hydrological modeling with R,ART,10.5194/hess-27-3293-2023,10.32614/CRAN.package.airGRdatasets,doi,10.32614/CRAN.package.airGRdatasets,Unknown (DOI not in DataCite),unresolved,,,,,,,not_found
hal-04208050,https://hal.inrae.fr/hal-04208050v1,airGRteaching: an open-source tool for teaching hydrological modeling with R,ART,10.5194/hess-27-3293-2023,10.32614/CRAN.package.airGRteaching,doi,10.32614/CRAN.package.airGRteaching,Unknown (DOI not in DataCite),unresolved,,,,,,,not_found
hal-04214908,https://hal.inrae.fr/hal-04214908v1,On the visual detection of non-natural records in streamflow time series: challenges and impacts,ART,10.5194/hess-27-3375-2023,10.57745/SO2WOV,doi,10.57745/SO2WOV,Recherche Data Gouv,dataset_repo,Recherche Data Gouv,https://entrepot.recherche.data.gouv.fr/citation?persistentId=doi:10.57745/SO2WOV,entrepot.recherche.data.gouv.fr,10.57745,rdg.prod,Result of a visual detection of non-natural records in streamflow time series for the Explore2 project,
hal-04251300,https://hal.science/hal-04251300v1,Electrostatic modulation of excitonic fluid in GaN/AlGaN quantum wells by deposition of few-layer graphene and nickel/gold films,ART,10.1103/PhysRevB.108.125421,10.57745/AGKMF0,doi,10.57745/AGKMF0,Recherche Data Gouv,dataset_repo,Recherche Data Gouv,https://entrepot.recherche.data.gouv.fr/citation?persistentId=doi:10.57745/AGKMF0,entrepot.recherche.data.gouv.fr,10.57745,rdg.prod,"Data associated with the paper ""Electrostatic modulation of excitonic fluid in GaN/AlGaN quantum wells by deposition of few-layer graphene and nickel/gold films""",
hal-04322179,https://inria.hal.science/hal-04322179v1,Estimating Compositions and Nutritional Values of Seed Mixes Based on Vision Transformers,ART,10.34133/plantphenomics.0112,10.5281/zenodo.8169473,doi,10.5281/zenodo.8169473,Zenodo,dataset_repo,Zenodo,https://zenodo.org/record/8169473,zenodo.org,10.5281,cern.zenodo,Estimating Compositions and Nutritional Values of Seed Mixes based on Vision Transformers,
hal-04328624,https://hal.science/hal-04328624v1,Channel change during catastrophic flood: Example of Storm Alex in the Vésubie and Roya valleys,ART,10.1016/j.geomorph.2023.109008,10.48579/PRO/YBFNYZ,doi,10.48579/PRO/YBFNYZ,data.InDoRES,dataset_repo,data.InDoRES,https://data.indores.fr:443/citation?persistentId=doi:10.48579/PRO/YBFNYZ,data.indores.fr:443,10.48579,jbru.bbees,"Evolution des limites de la bande fluviale de la Roya de la source (Tende, France) à l'embouchure (Ventimiglia, Italie) entre 1945 et 2020",
hal-04361293,https://hal.science/hal-04361293v1,Simbi : base de données hydro-climatiques historiques et signatures de 24 bassins versants haïtiens,COMM,,10.23708/02POK6,doi,10.23708/02POK6,DataSuds,dataset_repo,DataSuds,https://dataverse.ird.fr/citation?persistentId=doi:10.23708/02POK6,dataverse.ird.fr,10.23708,inist.ird,"Simbi database: historical hydro-meteorological time series and catchment attributes in Haiti, 1905-2005",
hal-04391146,https://hal.science/hal-04391146v1,Atypical Hemispheric Re-Organization of the Reading Network in High-Functioning Adults with Dyslexia: Evidence from Representational Similarity Analysis,ART,10.1162/imag_a_00070,10.18112/openneuro.ds004786.v1.0.1,doi,10.18112/openneuro.ds004786.v1.0.1,OpenNeuro,dataset_repo,OpenNeuro,https://openneuro.org/datasets/ds004786/versions/1.0.1,openneuro.org,10.18112,sul.openneuro,MorphoSem,
hal-04429351,https://inria.hal.science/hal-04429351v2,"Exploring, walking, and interacting in virtual reality with simulated low vision: a living contextual dataset",ART,,10.5281/zenodo.8269108,doi,10.5281/zenodo.8269108,Zenodo,dataset_repo,Zenodo,https://zenodo.org/doi/10.5281/zenodo.8269108,zenodo.org,10.5281,cern.zenodo,CREATTIVE3D multimodal dataset of user behavior in virtual reality,
hal-04436131,https://hal.science/hal-04436131v1,Sedimentary Records in the Lesser Antilles Fore‐Arc Basins Provide Evidence of Large Late Quaternary Megathrust Earthquakes,ART,10.1029/2023GC011152,10.17882/97033,doi,10.17882/97033,SEANOE,dataset_repo,SEANOE,https://www.seanoe.org/data/00858/97033/,seanoe.org,10.17882,euvi.seanoe,Sedimentary core CAS16-01PC dataset from CASEIS Cruise,
hal-04436131,https://hal.science/hal-04436131v1,Sedimentary Records in the Lesser Antilles Fore‐Arc Basins Provide Evidence of Large Late Quaternary Megathrust Earthquakes,ART,10.1029/2023GC011152,10.17882/97660,doi,10.17882/97660,SEANOE,dataset_repo,SEANOE,https://www.seanoe.org/data/00865/97660/,seanoe.org,10.17882,euvi.seanoe,Sedimentary cores CAS16-03PC and CAS16-14PC dataset from CASEIS Cruise,
hal-04436131,https://hal.science/hal-04436131v1,Sedimentary Records in the Lesser Antilles Fore‐Arc Basins Provide Evidence of Large Late Quaternary Megathrust Earthquakes,ART,10.1029/2023GC011152,10.17882/97656,doi,10.17882/97656,SEANOE,dataset_repo,SEANOE,https://www.seanoe.org/data/00865/97656/,seanoe.org,10.17882,euvi.seanoe,Sedimentary core CAS16-04PC dataset from CASEIS Cruise,
hal-04436131,https://hal.science/hal-04436131v1,Sedimentary Records in the Lesser Antilles Fore‐Arc Basins Provide Evidence of Large Late Quaternary Megathrust Earthquakes,ART,10.1029/2023GC011152,10.17882/97657,doi,10.17882/97657,SEANOE,dataset_repo,SEANOE,https://www.seanoe.org/data/00865/97657/,seanoe.org,10.17882,euvi.seanoe,Sedimentary core CAS16-06PC dataset from CASEIS Cruise,
hal-04436131,https://hal.science/hal-04436131v1,Sedimentary Records in the Lesser Antilles Fore‐Arc Basins Provide Evidence of Large Late Quaternary Megathrust Earthquakes,ART,10.1029/2023GC011152,10.17882/97658,doi,10.17882/97658,SEANOE,dataset_repo,SEANOE,https://www.seanoe.org/data/00865/97658/,seanoe.org,10.17882,euvi.seanoe,Sedimentary core CAS16-07PC dataset from CASEIS Cruise,
hal-04436131,https://hal.science/hal-04436131v1,Sedimentary Records in the Lesser Antilles Fore‐Arc Basins Provide Evidence of Large Late Quaternary Megathrust Earthquakes,ART,10.1029/2023GC011152,10.17882/97662,doi,10.17882/97662,SEANOE,dataset_repo,SEANOE,https://www.seanoe.org/data/00865/97662/,seanoe.org,10.17882,euvi.seanoe,Sedimentary core CAS16-31PC dataset from CASEIS Cruise,
hal-04462176,https://hal.science/hal-04462176v1,Locus-level L1 DNA methylation profiling reveals the epigenetic and transcriptional interplay between L1s and their integration sites,ART,10.1016/j.xgen.2024.100498,10.5281/zenodo.7097318,doi,10.5281/zenodo.7097318,Zenodo,dataset_repo,Zenodo,https://zenodo.org/record/7097318,zenodo.org,10.5281,cern.zenodo,Single-molecule DNA methylation patterns of full-length human-specific LINE-1 (L1HS) retrotransposons in a panel of cell lines.,
hal-04462176,https://hal.science/hal-04462176v1,Locus-level L1 DNA methylation profiling reveals the epigenetic and transcriptional interplay between L1s and their integration sites,ART,10.1016/j.xgen.2024.100498,10.5281/zenodo.7097319,doi,10.5281/zenodo.7097319,Zenodo,dataset_repo,Zenodo,https://zenodo.org/record/7097319,zenodo.org,10.5281,cern.zenodo,Single-molecule DNA methylation patterns of full-length human-specific LINE-1 (L1HS) retrotransposons in a panel of cell lines.,
hal-04478565,https://hal.science/hal-04478565v1,Geospatial identification of stakeholders to support dynamic ocean management in transboundary areas,ART,10.1016/j.marpol.2024.106035,10.5281/zenodo.10623986,doi,10.5281/zenodo.10623986,Zenodo,dataset_repo,Zenodo,https://zenodo.org/doi/10.5281/zenodo.10623986,zenodo.org,10.5281,cern.zenodo,Geospatial identification of stakeholders to support dynamic ocean management in transboundary areas - Stakeholder database,
hal-04495022,https://hal.science/hal-04495022v1,A Unified approach to publish semantic annotations of agricultural documents as knowledge graphs,ART,10.1016/j.atech.2024.100484,10.57745/TAQQFZ,doi,10.57745/TAQQFZ,Recherche Data Gouv,dataset_repo,Recherche Data Gouv,https://entrepot.recherche.data.gouv.fr/citation?persistentId=doi:10.57745/TAQQFZ,entrepot.recherche.data.gouv.fr,10.57745,rdg.prod,Wheat Trait and Phenotype Ontology OWL/SKOS,
hal-04501285,https://hal.science/hal-04501285v1,Supplementary material: The ultimate frontier: An optimality construction for homotopy inference,UNDEFINED,,hal-04579406,hal_id,,,,,,,,,,
hal-04564899,https://hal.science/hal-04564899v1,Simbi: historical hydro-meteorological time series and signatures for 24 catchments in Haiti,ART,10.5194/essd-16-2073-2024,10.23708/02POK6,doi,10.23708/02POK6,DataSuds,dataset_repo,DataSuds,https://dataverse.ird.fr/citation?persistentId=doi:10.23708/02POK6,dataverse.ird.fr,10.23708,inist.ird,"Simbi database: historical hydro-meteorological time series and catchment attributes in Haiti, 1905-2005",
hal-04685149,https://hal.campus-aar.fr/hal-04685149v1,"Penser la décolonisation et ses enjeux en Océanie, entretien avec Marie Salaün (Université Paris Cité)",VIDEO,,hal-04685149,hal_id,,,,,,,,,,
hal-04694490,https://hal.science/hal-04694490v1,Unraveling genetic load dynamics during biological invasion: insights from two invasive insect species,UNDEFINED,10.1101/2024.09.02.610743,10.57745/ESQFDB,doi,10.57745/ESQFDB,Recherche Data Gouv,dataset_repo,Recherche Data Gouv,https://entrepot.recherche.data.gouv.fr/citation?persistentId=doi:10.57745/ESQFDB,entrepot.recherche.data.gouv.fr,10.57745,rdg.prod,Scripts used for data analyzing in the manuscript: “Unraveling genetic load dynamics during biological invasion: insights from two invasive insect species”,
hal-04717945,https://hal.science/hal-04717945v1,Seismological evidence for a multifault network at the subduction interface,ART,10.1038/s41586-024-07245-y,10.35097/1921,doi,10.35097/1921,Karlsruhe Institute of Technology,dataset_repo,Karlsruhe Institute of Technology,https://radar.kit.edu/radar/en/dataset/KzhOAFsNNOzovfFM,radar.kit.edu,10.35097,tib.kit4radar,Seismological evidence for a multifault network at the subduction interface,
hal-04770544,https://hal.science/hal-04770544v1,"Large seafloor rupture caused by the 1956 Amorgos tsunamigenic earthquake, Greece",ART,10.1038/s43247-024-01839-0,10.17882/90284,doi,10.17882/90284,SEANOE,dataset_repo,SEANOE,https://www.seanoe.org/data/00791/90284/,seanoe.org,10.17882,euvi.seanoe,AMORGOS-23 ME70 bathymetry and back-scatter data,
hal-04770544,https://hal.science/hal-04770544v1,"Large seafloor rupture caused by the 1956 Amorgos tsunamigenic earthquake, Greece",ART,10.1038/s43247-024-01839-0,10.17882/99228,doi,10.17882/99228,SEANOE,dataset_repo,SEANOE,https://www.seanoe.org/data/00880/99228/,seanoe.org,10.17882,euvi.seanoe,"3D textured Digital Outcrop Models along the Amorgos Fault scarp (Aegean Sea, Greece) - Dive 244-01 - AMORGOS-23 cruise",
hal-04770544,https://hal.science/hal-04770544v1,"Large seafloor rupture caused by the 1956 Amorgos tsunamigenic earthquake, Greece",ART,10.1038/s43247-024-01839-0,10.17882/99212,doi,10.17882/99212,SEANOE,dataset_repo,SEANOE,https://www.seanoe.org/data/00880/99212/,seanoe.org,10.17882,euvi.seanoe,Near-bottom bathymetry and back-scatter data acquired with AUV IDEFX during the AMORGOS-22 cruise,
hal-04776451,https://hal.science/hal-04776451v1,Mode-locked waveguide polariton laser,ART,10.1364/OPTICA.524753,10.57745/IAU0UK,doi,10.57745/IAU0UK,Recherche Data Gouv,dataset_repo,Recherche Data Gouv,https://entrepot.recherche.data.gouv.fr/citation?persistentId=doi:10.57745/IAU0UK,entrepot.recherche.data.gouv.fr,10.57745,rdg.prod,"Data associated with the article ""Mode-locked waveguide polariton laser""",
hal-04790476,https://hal.science/hal-04790476v1,CAMELS-FR dataset: A large-sample hydroclimatic dataset for France to explore hydrological diversity and support model benchmarking,UNDEFINED,10.5194/essd-2024-415,10.57745/WH7FJR,doi,10.57745/WH7FJR,Recherche Data Gouv,dataset_repo,Recherche Data Gouv,https://entrepot.recherche.data.gouv.fr/citation?persistentId=doi:10.57745/WH7FJR,entrepot.recherche.data.gouv.fr,10.57745,rdg.prod,CAMELS-FR dataset,
hal-04790476,https://hal.science/hal-04790476v1,CAMELS-FR dataset: A large-sample hydroclimatic dataset for France to explore hydrological diversity and support model benchmarking,UNDEFINED,10.5194/essd-2024-415,10.57745/HBQWP5,doi,10.57745/HBQWP5,Recherche Data Gouv,dataset_repo,Recherche Data Gouv,https://entrepot.recherche.data.gouv.fr/citation?persistentId=doi:10.57745/HBQWP5,entrepot.recherche.data.gouv.fr,10.57745,rdg.prod,CAMELS-FR time series dynamic graphs,
hal-04790476,https://hal.science/hal-04790476v1,CAMELS-FR dataset: A large-sample hydroclimatic dataset for France to explore hydrological diversity and support model benchmarking,UNDEFINED,10.5194/essd-2024-415,10.57745/KK2SVJ,doi,10.57745/KK2SVJ,Recherche Data Gouv,dataset_repo,Recherche Data Gouv,https://entrepot.recherche.data.gouv.fr/citation?persistentId=doi:10.57745/KK2SVJ,entrepot.recherche.data.gouv.fr,10.57745,rdg.prod,CAMELS-FR graphical fact sheets,
hal-04791315,https://hal.science/hal-04791315v1,Insights into early animal evolution from the genome of the xenacoelomorph worm Xenoturbella bocki,ART,10.7554/eLife.94948,10.5281/zenodo.6962270,doi,10.5281/zenodo.6962270,Zenodo,dataset_repo,Zenodo,https://zenodo.org/doi/10.5281/zenodo.6962270,zenodo.org,10.5281,cern.zenodo,Supplementary files for the Xenoturbella bocki genome analysis,
hal-04798037,https://hal.science/hal-04798037v1,Dating the Solar System’s giant planet orbital instability using enstatite meteorites,ART,10.1126/science.adg8092,10.7910/DVN/KHO1ZY,doi,10.7910/DVN/KHO1ZY,Harvard Dataverse,dataset_repo,Harvard Dataverse,https://dataverse.harvard.edu/citation?persistentId=doi:10.7910/DVN/KHO1ZY,dataverse.harvard.edu,10.7910,gdcc.harvard-dv,Replication Data for: Dating Solar System's giant planet orbital instability using enstatite meteorites,
hal-04807540,https://hal.science/hal-04807540v1,ISSA Pipeline,SOFTWARE,10.5281/zenodo.1423046,10.5281/zenodo.10381606,doi,10.5281/zenodo.10381606,Zenodo,dataset_repo,Zenodo,https://zenodo.org/doi/10.5281/zenodo.10381606,zenodo.org,10.5281,cern.zenodo,ISSA Agritrop Dataset,
hal-04829691,https://hal.science/hal-04829691v1,Reconstruction of nearshore surface gravity wave heights from distributed acoustic sensing data,ART,10.1029/2024ea003589,10.15148/7d5e2f17-bad6-4ac3-87e2-84888d0d6699,doi,10.15148/7d5e2f17-bad6-4ac3-87e2-84888d0d6699,OSU OREME,dataset_repo,OSU OREME,https://data.oreme.org/doi/view/7d5e2f17-bad6-4ac3-87e2-84888d0d6699,data.oreme.org,10.15148,inist.oreme,DAS and pressure sensor datasets for the reconstruction of nearshore surface gravity wave spectrum from Distributed Acoustic Sensing time series,
hal-04884084,https://hal.science/hal-04884084v1,"Detachment Faulting and Mantle Exhumation Beneath an Allochthonous Carbonate Cover: Insights From the Gouffre Georges (Lherz Massif, Pyrenees, France)",ART,10.1029/2024TC008757,10.6084/m9.figshare.27979907,doi,10.6084/m9.figshare.27979907,Figshare,dataset_repo,figshare,https://figshare.com/articles/dataset/Structural_dataset_from_the_Lherz_detachment_Gouffre_Georges_Ari_ge_France_/27979907,figshare.com,10.6084,figshare.ars,"Structural dataset from the Lherz detachment (Gouffre Georges, Ariège, France)",
hal-04905900,https://hal.inrae.fr/hal-04905900v1,"Photosynthesis, water‐use and nitrogen relate to both plant height and leaf structure in 60 species from the Mediterranean",ART,10.1111/1365-2435.14737,10.48579/PRO/PLNU9F,doi,10.48579/PRO/PLNU9F,data.InDoRES,dataset_repo,data.InDoRES,https://data.indores.fr:443/citation?persistentId=doi:10.48579/PRO/PLNU9F,data.indores.fr:443,10.48579,jbru.bbees,"Photosynthesis, water-use and nitrogen relate to both plant height and leaf structure in 60 species from the Mediterranean",
hal-04906304,https://ube.hal.science/hal-04906304v1,Mobi-Switch : un jeu de société sur la durabilité de la mobilité urbaine,OTHER,,10.57745/3VMB3Y,doi,10.57745/3VMB3Y,Recherche Data Gouv,dataset_repo,Recherche Data Gouv,https://entrepot.recherche.data.gouv.fr/citation?persistentId=doi:10.57745/3VMB3Y,entrepot.recherche.data.gouv.fr,10.57745,rdg.prod,Mobi-Switch : a boardgame about urban mobility sustainability,
hal-04908237,https://hal.science/hal-04908237v1,CLEC12B Regulates Melanocyte Immunity and Homeostasis in the Skin through the Signal Transducer and Activator of Transcription 1/IRF1 Axis,ART,10.1016/j.jid.2024.11.016,10.7910/DVN/TICFQW,doi,10.7910/DVN/TICFQW,Harvard Dataverse,dataset_repo,Harvard Dataverse,https://dataverse.harvard.edu/citation?persistentId=doi:10.7910/DVN/TICFQW,dataverse.harvard.edu,10.7910,gdcc.harvard-dv,CLEC12B glycan array,
hal-04948456,https://hal.science/hal-04948456v1,"Couches SIG des circonscriptions administratives d'Algérie (1942- 1949) : départements d’Alger, Constantine et Oran",OTHER,10.34847/nkl.e462qm6n,10.34847/nkl.e462qm6n,doi,10.34847/nkl.e462qm6n,NAKALA,dataset_repo,NAKALA - https://nakala.fr (Huma-Num - CNRS),https://nakala.fr/10.34847/nkl.e462qm6n,nakala.fr,10.34847,inist.humanum,"Couches SIG des circonscriptions administratives d'Algérie (1942- 1949) : départements d’Alger, Constantine et Oran",
hal-04954634,https://hal.inrae.fr/hal-04954634v1,"High-fidelity annotated triploid genome of the quarantine root-knot nematode, Meloidogyne enterolobii",ART,10.1038/s41597-025-04434-w,10.57745/EGUUHK,doi,10.57745/EGUUHK,Recherche Data Gouv,dataset_repo,Recherche Data Gouv,https://entrepot.recherche.data.gouv.fr/citation?persistentId=doi:10.57745/EGUUHK,entrepot.recherche.data.gouv.fr,10.57745,rdg.prod,Meloidogyne enterolobii scripts,
hal-04954634,https://hal.inrae.fr/hal-04954634v1,"High-fidelity annotated triploid genome of the quarantine root-knot nematode, Meloidogyne enterolobii",ART,10.1038/s41597-025-04434-w,10.57745/5MXZSJ,doi,10.57745/5MXZSJ,Recherche Data Gouv,dataset_repo,Recherche Data Gouv,https://entrepot.recherche.data.gouv.fr/citation?persistentId=doi:10.57745/5MXZSJ,entrepot.recherche.data.gouv.fr,10.57745,rdg.prod,Meloidogyne enterolobii assemblies,
hal-04954634,https://hal.inrae.fr/hal-04954634v1,"High-fidelity annotated triploid genome of the quarantine root-knot nematode, Meloidogyne enterolobii",ART,10.1038/s41597-025-04434-w,10.57745/KGA7CI,doi,10.57745/KGA7CI,Recherche Data Gouv,dataset_repo,Recherche Data Gouv,https://entrepot.recherche.data.gouv.fr/citation?persistentId=doi:10.57745/KGA7CI,entrepot.recherche.data.gouv.fr,10.57745,rdg.prod,Meloidogyne genus OrthoFinder analysis,
hal-04954634,https://hal.inrae.fr/hal-04954634v1,"High-fidelity annotated triploid genome of the quarantine root-knot nematode, Meloidogyne enterolobii",ART,10.1038/s41597-025-04434-w,10.57745/Y0O2LP,doi,10.57745/Y0O2LP,Recherche Data Gouv,dataset_repo,Recherche Data Gouv,https://entrepot.recherche.data.gouv.fr/citation?persistentId=doi:10.57745/Y0O2LP,entrepot.recherche.data.gouv.fr,10.57745,rdg.prod,Meloidogyne enterolobii E1834 gene prediction,
hal-04954634,https://hal.inrae.fr/hal-04954634v1,"High-fidelity annotated triploid genome of the quarantine root-knot nematode, Meloidogyne enterolobii",ART,10.1038/s41597-025-04434-w,10.57745/VEKHQS,doi,10.57745/VEKHQS,Recherche Data Gouv,dataset_repo,Recherche Data Gouv,https://entrepot.recherche.data.gouv.fr/citation?persistentId=doi:10.57745/VEKHQS,entrepot.recherche.data.gouv.fr,10.57745,rdg.prod,Meloidogyne enterolobii E1834 genome structure analysis,
hal-04985988,https://minesparis-psl.hal.science/hal-04985988v1,On the emergence of fault afterslip during laboratory seismic cycles,ART,10.1016/j.epsl.2025.119288,10.5281/zenodo.13912519,doi,10.5281/zenodo.13912519,Zenodo,dataset_repo,Zenodo,https://zenodo.org/doi/10.5281/zenodo.13912519,zenodo.org,10.5281,cern.zenodo,On the emergence of fault afterslip during laboratory seismic cycles,
hal-05017906,https://hal.science/hal-05017906v2,When automated fact-checking meets argumentation: unveiling fake news through argumentative evidence,ART,10.1177/19462174251330980,10.34847/nkl.2cec5407,doi,10.34847/nkl.2cec5407,NAKALA,dataset_repo,NAKALA - https://nakala.fr (Huma-Num - CNRS),https://nakala.fr/10.34847/nkl.2cec5407,nakala.fr,10.34847,inist.humanum,LIARArg: A dataset for fake news detection enhanced by argumentative features,
hal-05028312,https://hal.inrae.fr/hal-05028312v1,CAMELS-FR dataset: a large-sample hydroclimatic dataset for France to explore hydrological diversity and support model benchmarking,ART,10.5194/essd-17-1461-2025,10.57745/WH7FJR,doi,10.57745/WH7FJR,Recherche Data Gouv,dataset_repo,Recherche Data Gouv,https://entrepot.recherche.data.gouv.fr/citation?persistentId=doi:10.57745/WH7FJR,entrepot.recherche.data.gouv.fr,10.57745,rdg.prod,CAMELS-FR dataset,
hal-05028312,https://hal.inrae.fr/hal-05028312v1,CAMELS-FR dataset: a large-sample hydroclimatic dataset for France to explore hydrological diversity and support model benchmarking,ART,10.5194/essd-17-1461-2025,10.57745/HBQWP5,doi,10.57745/HBQWP5,Recherche Data Gouv,dataset_repo,Recherche Data Gouv,https://entrepot.recherche.data.gouv.fr/citation?persistentId=doi:10.57745/HBQWP5,entrepot.recherche.data.gouv.fr,10.57745,rdg.prod,CAMELS-FR time series dynamic graphs,
hal-05028312,https://hal.inrae.fr/hal-05028312v1,CAMELS-FR dataset: a large-sample hydroclimatic dataset for France to explore hydrological diversity and support model benchmarking,ART,10.5194/essd-17-1461-2025,10.57745/KK2SVJ,doi,10.57745/KK2SVJ,Recherche Data Gouv,dataset_repo,Recherche Data Gouv,https://entrepot.recherche.data.gouv.fr/citation?persistentId=doi:10.57745/KK2SVJ,entrepot.recherche.data.gouv.fr,10.57745,rdg.prod,CAMELS-FR graphical fact sheets,
hal-05065428,https://hal.science/hal-05065428v1,Time-lapse 3D image datasets of spruce tree wood enzymatic deconstruction,ART,10.1016/j.dib.2025.111618,10.5281/zenodo.14547356,doi,10.5281/zenodo.14547356,Zenodo,dataset_repo,Zenodo,https://zenodo.org/doi/10.5281/zenodo.14547356,zenodo.org,10.5281,cern.zenodo,Time-lapses of spruce tree wood hydrolysis,
hal-05114056,https://hal.science/hal-05114056v2,Le Rhône aménagé vu du ciel. Constitution d'une base de données photographiques obliques pour documenter la trajectoire socio-environnementale du fleuve contemporain (1910-1960),ART,10.46298/dc.15880,10.34847/nkl.e63a22n9,doi,10.34847/nkl.e63a22n9,NAKALA,dataset_repo,NAKALA - https://nakala.fr (Huma-Num - CNRS),https://nakala.fr/10.34847/nkl.e63a22n9,nakala.fr,10.34847,inist.humanum,Fichier de métadonnées enrichies d'une base de données photographiques obliques sur le fleuve Rhône et ses affluents (1919-1961),
hal-05123213,https://hal.science/hal-05123213v1,Plate‐Scale Strike‐Slip Fault System in the Barbados Accretionary Wedge of the Lesser Antilles Subduction Zone,ART,10.1029/2024JB030059,10.17882/102945,doi,10.17882/102945,SEANOE,dataset_repo,SEANOE,https://www.seanoe.org/data/00918/102945/,seanoe.org,10.17882,euvi.seanoe,"Raw seismic data from the CASEIS experiment: CAS016, CAS033, CAS036, CAS042, CAS062, CAS098, CAS104 and CAS105",
hal-05123213,https://hal.science/hal-05123213v1,Plate‐Scale Strike‐Slip Fault System in the Barbados Accretionary Wedge of the Lesser Antilles Subduction Zone,ART,10.1029/2024JB030059,10.17882/102942,doi,10.17882/102942,SEANOE,dataset_repo,SEANOE,https://www.seanoe.org/data/00918/102942/,seanoe.org,10.17882,euvi.seanoe,"High-resolution seismic data from the CASEIS experiment: CAS016, CAS033, CAS036, CAS042, CAS062, CAS098, CAS104 and CAS105",
hal-05123213,https://hal.science/hal-05123213v1,Plate‐Scale Strike‐Slip Fault System in the Barbados Accretionary Wedge of the Lesser Antilles Subduction Zone,ART,10.1029/2024JB030059,10.17882/102947,doi,10.17882/102947,SEANOE,dataset_repo,SEANOE,https://www.seanoe.org/data/00918/102947/,seanoe.org,10.17882,euvi.seanoe,Sub-bottom high-resolution (CHIRP) profiles from the CASEIS experiment: CAS130 and CAS451,
hal-05123213,https://hal.science/hal-05123213v1,Plate‐Scale Strike‐Slip Fault System in the Barbados Accretionary Wedge of the Lesser Antilles Subduction Zone,ART,10.1029/2024JB030059,10.17882/102946,doi,10.17882/102946,SEANOE,dataset_repo,SEANOE,https://www.seanoe.org/data/00918/102946/,seanoe.org,10.17882,euvi.seanoe,Bathymetry compilation from the Lesser Antilles subduction zone: 100 m grid,
hal-05123213,https://hal.science/hal-05123213v1,Plate‐Scale Strike‐Slip Fault System in the Barbados Accretionary Wedge of the Lesser Antilles Subduction Zone,ART,10.1029/2024JB030059,10.7289/V56T0JNC,doi,10.7289/V56T0JNC,NOAA National Centers for Environmental Information,dataset_repo,NOAA National Centers for Environmental Information,https://www.ncei.noaa.gov/access/metadata/landing-page/bin/iso?id=gov.noaa.ngdc:G01034,ncei.noaa.gov,10.7289,noaa.ncei,Multibeam Bathymetry Database (MBBDB),
hal-05123213,https://hal.science/hal-05123213v1,Plate‐Scale Strike‐Slip Fault System in the Barbados Accretionary Wedge of the Lesser Antilles Subduction Zone,ART,10.1029/2024JB030059,10.17882/70460,doi,10.17882/70460,SEANOE,dataset_repo,SEANOE,http://www.seanoe.org/data/00592/70460/,seanoe.org,10.17882,euvi.seanoe,Globe (GLobal Oceanographic Bathymetry Explorer) Software,
hal-05142757,https://hal.science/hal-05142757v1,P-Wave Arrival-Time Tomography of the Middle East Using ISC-EHB and Waveform Data,ART,10.26443/seismica.v4i1.1349,10.5281/zenodo.15115349,doi,10.5281/zenodo.15115349,Zenodo,dataset_repo,Zenodo,https://zenodo.org/doi/10.5281/zenodo.15115349,zenodo.org,10.5281,cern.zenodo,"rdno/mideast_p_traveltime_tomo: P Model Files, Horizontal and Vertical Cross Sections",
hal-05157073,https://hal.science/hal-05157073v1,Imaging the Sediment Cover Offshore Central Chile With Surface‐Wave Dispersion and P‐Wave Conversion Using Distributed Acoustic Sensing,ART,10.1029/2024jb030507,10.15778/resif.f1,doi,10.15778/resif.f1,Epos-France Seismological Data Center,dataset_repo,Epos-France Seismological Data Center,https://seismology.epos-france.fr/networks/#/F1,seismology.epos-france.fr,10.15778,inist.resif,Three underwater fiber-optic cables offshore of central Chile,
hal-05163483,https://hal.science/hal-05163483v1,"Analyser la perception de l’alerte par les populations : questionnements empiriques, enjeux scientifiques et retombées opérationnelles",ART,10.4000/14b5f,10.57745/TRYOES,doi,10.57745/TRYOES,Recherche Data Gouv,dataset_repo,Recherche Data Gouv,https://entrepot.recherche.data.gouv.fr/citation?persistentId=doi:10.57745/TRYOES,entrepot.recherche.data.gouv.fr,10.57745,rdg.prod,Questionnaire et réponses suite à une notification d’alerte sur téléphone portable via le dispositif FR-Alert ©,
hal-05171564,https://hal.science/hal-05171564v1,An analysis of the dynamic range of Distributed Acoustic Sensing for Earthquake Early Warning,ART,10.26443/seismica.v4i1.1371,10.5281/zenodo.10993306,doi,10.5281/zenodo.10993306,Zenodo,dataset_repo,Zenodo,https://zenodo.org/doi/10.5281/zenodo.10993306,zenodo.org,10.5281,cern.zenodo,Data and scripts for: An analysis of the dynamic range of Distributed Acoustic Sensing for Earthquake Early Warning,
hal-05194659,https://hal.science/hal-05194659v1,Physical Properties Controlling Earthquake Ruptures: Two Study Cases Along the South American Subduction Zone,ART,10.1029/2025GL114615,10.7914/SN/8G_2016,doi,10.7914/SN/8G_2016,International Federation of Digital Seismograph Networks,dataset_repo,International Federation of Digital Seismograph Networks,https://www.fdsn.org/networks/detail/8G_2016/,fdsn.org,10.7914,iris.iris,2016 Pedernales Earthquake Aftershock Deployment Ecuador,
hal-05194659,https://hal.science/hal-05194659v1,Physical Properties Controlling Earthquake Ruptures: Two Study Cases Along the South American Subduction Zone,ART,10.1029/2025GL114615,10.7914/SN/XE_2016,doi,10.7914/SN/XE_2016,International Federation of Digital Seismograph Networks,dataset_repo,International Federation of Digital Seismograph Networks,https://www.fdsn.org/networks/detail/XE_2016/,fdsn.org,10.7914,iris.iris,Pedernales,
hal-05194659,https://hal.science/hal-05194659v1,Physical Properties Controlling Earthquake Ruptures: Two Study Cases Along the South American Subduction Zone,ART,10.1029/2025GL114615,10.5445/IR/1000126350,doi,10.5445/IR/1000126350,Karlsruher Institut für Technologie (KIT),dataset_repo,Karlsruher Institut für Technologie (KIT),https://publikationen.bibliothek.kit.edu/1000126350,publikationen.bibliothek.kit.edu,10.5445,tib.kit,Research data for '3D local earthquake tomography of the Ecuadorian margin in the source area of the 2016 Mw 7.8 Pedernales earthquake',
hal-05194659,https://hal.science/hal-05194659v1,Physical Properties Controlling Earthquake Ruptures: Two Study Cases Along the South American Subduction Zone,ART,10.1029/2025GL114615,10.7914/mc8r-ft72,doi,10.7914/mc8r-ft72,International Federation of Digital Seismograph Networks,dataset_repo,International Federation of Digital Seismograph Networks,https://www.fdsn.org/networks/detail/X5_2020/,fdsn.org,10.7914,iris.iris,Taltal temporary deployment,
hal-05194659,https://hal.science/hal-05194659v1,Physical Properties Controlling Earthquake Ruptures: Two Study Cases Along the South American Subduction Zone,ART,10.1029/2025GL114615,10.35097/dIDjKJPeUpZFWjbQ,doi,10.35097/dIDjKJPeUpZFWjbQ,Karlsruhe Institute of Technology,dataset_repo,Karlsruhe Institute of Technology,https://radar.kit.edu/radar/en/dataset/dIDjKJPeUpZFWjbQ,radar.kit.edu,10.35097,tib.kit4radar,Taltal Seismological Network,
hal-05194659,https://hal.science/hal-05194659v1,Physical Properties Controlling Earthquake Ruptures: Two Study Cases Along the South American Subduction Zone,ART,10.1029/2025GL114615,10.5281/zenodo.8271327,doi,10.5281/zenodo.8271327,Zenodo,dataset_repo,Zenodo,https://zenodo.org/doi/10.5281/zenodo.8271327,zenodo.org,10.5281,cern.zenodo,Research data for Taltal segment tomography article,
hal-05221870,https://hal.science/hal-05221870v2,Enquête sur l'implication des structures documentaires dans l'accompagnement sur les données de recherche,REPORT,,10.57745/JYWUIY,doi,10.57745/JYWUIY,Recherche Data Gouv,dataset_repo,Recherche Data Gouv,https://entrepot.recherche.data.gouv.fr/citation?persistentId=doi:10.57745/JYWUIY,entrepot.recherche.data.gouv.fr,10.57745,rdg.prod,Données de l'enquête ADBU sur l'implication des structures documentaires dans l'accompagnement sur les données de recherche,
hal-05226636,https://hal.science/hal-05226636v1,Bubble removal in microfluidic channels surrounded by gas-permeable media: experiments and a predictive model,ART,10.1039/d5lc00407a,10.5281/zenodo.16356173,doi,10.5281/zenodo.16356173,Zenodo,dataset_repo,Zenodo,https://zenodo.org/doi/10.5281/zenodo.16356173,zenodo.org,10.5281,cern.zenodo,Data files and scripts of the article `A predictive model for bubble removal in microfluidic channels surrounded by gas-permeable media',
hal-05231498,https://hal.inrae.fr/hal-05231498v1,"BRC4Env, le pilier environnement de l’infrastructure RARe",POSTER,,10.15454/TRBJTB,doi,10.15454/TRBJTB,Recherche Data Gouv,dataset_repo,Portail Data INRAE,https://data.inrae.fr/citation?persistentId=doi:10.15454/TRBJTB,data.inrae.fr,10.15454,rdg.prod,"BRC4Env, the Biological Resource Centre for the Environment",
hal-05239495,https://hal.science/hal-05239495v2,LUNDIsim : model meshes for flow simulation and scientific data compression benchmarks,ART,10.1002/gdj3.70030,10.5281/zenodo.14641958,doi,10.5281/zenodo.14641958,Zenodo,dataset_repo,Zenodo,https://zenodo.org/doi/10.5281/zenodo.14641958,zenodo.org,10.5281,cern.zenodo,LUNDIsim : open-data multiresolution model meshes with porosity and permeability properties inspired from SPE10 challenge for geoscience and data science applications,
hal-05250749,https://hal.science/hal-05250749v1,Prospects for dark matter observations in dwarf spheroidal galaxies with the Cherenkov Telescope Array Observatory,ART,10.1093/mnras/staf1798,10.5281/zenodo.5499840,doi,10.5281/zenodo.5499840,Zenodo,dataset_repo,Zenodo,https://zenodo.org/record/5499840,zenodo.org,10.5281,cern.zenodo,CTAO Instrument Response Functions - prod5 version v0.1,
hal-05251997,https://hal.science/hal-05251997v3,Hommages dans les universités. Constitution d’une base de données sur les doctorats honoris causa en France,ART,10.46298/dc.16514,10.34847/nkl.6cae1i7s,doi,10.34847/nkl.6cae1i7s,NAKALA,dataset_repo,NAKALA - https://nakala.fr (Huma-Num - CNRS),https://nakala.fr/10.34847/nkl.6cae1i7s,nakala.fr,10.34847,inist.humanum,Inventaire des doctorats honoris causa en France,
hal-05266438,https://hal.science/hal-05266438v1,The Role of Stress Distribution in Seismic Cycle Complexity of a Long Laboratory Fault,ART,10.1029/2025GL116440,10.5281/zenodo.15167862,doi,10.5281/zenodo.15167862,Zenodo,dataset_repo,Zenodo,https://zenodo.org/doi/10.5281/zenodo.15167862,zenodo.org,10.5281,cern.zenodo,"Data set for: ""Stress Distribution and Seismic Cycle Complexity on a Long Laboratory Fault""",
hal-05270001,https://hal.science/hal-05270001v1,"Offshore Record of Explosive Volcanic Eruptions in the Southern Part of the Panamá Basin During the Past 10 Myr: 1. Tephrostratigraphy, Cross‐Correlations and Geochemical Characterization",ART,10.1029/2025GC012276,10.5281/zenodo.16088330,doi,10.5281/zenodo.16088330,Zenodo,dataset_repo,Zenodo,https://zenodo.org/doi/10.5281/zenodo.16088330,zenodo.org,10.5281,cern.zenodo,Geochemical analyses of marine tephra layers collected offshore Ecuador during the DSDP Leg 69 and ODP Legs 111 and 202,
hal-05411174,https://hal.science/hal-05411174v1,Multiple moonlet mergers as the origin of the Dinkinesh-Selam system,ART,10.1038/s41467-025-66484-3,10.26007/kvc4-2t38,doi,10.26007/kvc4-2t38,NASA Planetary Data System,dataset_repo,NASA Planetary Data System,https://pdssbn.astro.umd.edu/holdings/pds4-lucy.llorri:data_dinkinesh_partially_processed-v1.0/SUPPORT/dataset.shtml,pdssbn.astro.umd.edu,10.26007,sbn.archive,Lucy LOng Range Reconnaissance Imager (L'LORRI) Dinkinesh Partially Processed Data Collection,
hal-05438311,https://hal.science/hal-05438311v1,"Precise relocation of the 14 August 2021 M<sub>w</sub> 7.2 Nippes, Haiti, earthquake sequence using broadband and citizen-hosted short-period seismometers",ART,10.1016/j.tecto.2025.230982,10.7914/sn/hy,doi,10.7914/sn/hy,International Federation of Digital Seismograph Networks,dataset_repo,International Federation of Digital Seismograph Networks,https://www.fdsn.org/networks/detail/HY/,fdsn.org,10.7914,iris.iris,UEH Seismic Network,
hal-05442132,https://hal.science/hal-05442132v1,"Monitoring and volatile organic compounds characterization (isoprene, monoterpene and BTEX) in a tropical-oceanic environment in Reunion island (Indian ocean, south hemisphere)",ART,10.3389/fenvs.2025.1704158,10.26171/5w3r-mv08,doi,10.26171/5w3r-mv08,Observatoire des Sciences de l'Univers de la Réunion,dataset_repo,Observatoire des Sciences de l'Univers de la Réunion,https://geosur.osureunion.fr/geonetwork/srv/eng/catalog.search#/metadata/65111ab4-e698-4811-9c16-0df040b078ec,geosur.osureunion.fr,10.26171,inist.ur,"Composé Organique Volatil (COV), site d'observation OPAR-Maido, Infrastructure de Recherche ACTRIS (SNO GAZIS) ",
hal-05442132,https://hal.science/hal-05442132v1,"Monitoring and volatile organic compounds characterization (isoprene, monoterpene and BTEX) in a tropical-oceanic environment in Reunion island (Indian ocean, south hemisphere)",ART,10.3389/fenvs.2025.1704158,10.26171/zw58-kx44,doi,10.26171/zw58-kx44,Observatoire des Sciences de l'Univers de la Réunion,dataset_repo,Observatoire des Sciences de l'Univers de la Réunion,https://geosur.osureunion.fr/geonetwork/srv/eng/catalog.search#/metadata/c71614ed-b8ee-4145-843e-6ad3903a65d0,geosur.osureunion.fr,10.26171,inist.ur,"Composé Organique Volatil (COV), site d'observation OZC-R Mare-Longue",
hal-05456289,https://hal.science/hal-05456289v1,Harnessing converted phases for rapid magnitude estimation and early warning with distributed acoustic sensing offshore Chile,ART,10.1038/s43247-025-03167-3,10.5281/zenodo.17915024,doi,10.5281/zenodo.17915024,Zenodo,dataset_repo,Zenodo,https://zenodo.org/doi/10.5281/zenodo.17915024,zenodo.org,10.5281,cern.zenodo,"Materials for ""Harnessing converted phases for rapid magnitude estimation and early warning with distributed acoustic sensing offshore Chile""",
hal-05456294,https://hal.science/hal-05456294v1,Toward Back‐Projection Earthquake Rupture Imaging With Ocean Bottom Distributed Acoustic Sensing,ART,10.1029/2025JB031483,10.5281/zenodo.15603976,doi,10.5281/zenodo.15603976,Zenodo,dataset_repo,Zenodo,https://zenodo.org/doi/10.5281/zenodo.15603976,zenodo.org,10.5281,cern.zenodo,Strain-Rate Data and Sediment Corrections for Ocean-Bottom DAS Back-Projection,
hal-05456294,https://hal.science/hal-05456294v1,Toward Back‐Projection Earthquake Rupture Imaging With Ocean Bottom Distributed Acoustic Sensing,ART,10.1029/2025JB031483,10.7914/SN/S1,doi,10.7914/SN/S1,AusPass,dataset_repo,AusPass,https://www.fdsn.org/networks/detail/S1/,fdsn.org,10.7914,iris.iris,Australian Seismometers in Schools,
hal-05468120,https://hal.science/hal-05468120v1,Introducing furanocoumarin biosynthetic genes in tomato results in coumarins accumulation and impacted growth,UNDEFINED,10.1101/2025.07.07.663522,10.57745/G2Z4VV,doi,10.57745/G2Z4VV,Recherche Data Gouv,dataset_repo,Recherche Data Gouv,https://entrepot.recherche.data.gouv.fr/citation?persistentId=doi:10.57745/G2Z4VV,entrepot.recherche.data.gouv.fr,10.57745,rdg.prod,Rnaseq data from tomato (leaves and roots) expressing the furanocoumarin biosynthetic genes,
hal-05488408,https://media.hal.science/hal-05488408v1,Droit comme un arbre - Episode 2 :Justice sociale et justice fiscale : sur qui pèse la transition ?,SON,,hal-05486614,hal_id,,,,,,,,,,
hal-05538129,https://hal.inrae.fr/hal-05538129v1,High-resolution genome assembly and linkage mapping in Meloidogyne hapla reveal non-canonical telomere repeats and recombination hotspots associated with effector proteins,ART,10.1371/journal.ppat.1013706,10.5281/zenodo.15484846,doi,10.5281/zenodo.15484846,Zenodo,dataset_repo,Zenodo,https://zenodo.org/doi/10.5281/zenodo.15484846,zenodo.org,10.5281,cern.zenodo,Supplementary and Source Data for Meloidogyne hapla (VW9) genome paper,
hal-05593448,https://hal.science/hal-05593448v1,A Rate‐and‐State Friction Based Criterion for the Probability of Earthquake Fault Jumps,ART,10.1029/2025JB031449,10.5281/zenodo.18503858,doi,10.5281/zenodo.18503858,Zenodo,dataset_repo,Zenodo,https://zenodo.org/doi/10.5281/zenodo.18503858,zenodo.org,10.5281,cern.zenodo,Seismic cycle simulations and results for manuscript:  A rate-and-state friction based criterion for the probability of earthquake fault jumps,
hal-05621424,https://hal.science/hal-05621424v1,An archaeo-metabolomics approach for identifying cedar tar in archaeological samples: differentiating plant products and production processes,ART,10.1038/s41598-026-50080-6,10.6084/m9.figshare.30665321,doi,10.6084/m9.figshare.30665321,Figshare,dataset_repo,figshare,https://figshare.com/articles/dataset/An_archaeo-metabolomics_approach_for_identifying_cedar_tar_in_archaeological_samples_differentiating_plant_products_and_production_processes_data_set_/30665321,figshare.com,10.6084,figshare.ars,An archaeo-metabolomics approach for identifying cedar tar in archaeological samples: differentiating plant products and production processes (data set),
hal-05625446,https://hal.science/hal-05625446v1,"Ungulate mobility and Neandertal predation agenda in Axlor level D (Basque Country, northatlantic Iberia)",COMM,,10.5281/zenodo.14750261,doi,10.5281/zenodo.14750261,Zenodo,dataset_repo,Zenodo,https://zenodo.org/doi/10.5281/zenodo.14750261,zenodo.org,10.5281,cern.zenodo,"Dental wear raw data for Neandertal predation agenda during MIS 5 to 4 transition in Axlor level D (Basque Country, northatlantic Iberia)",
hal-05630218,https://hal.science/hal-05630218v1,Towards Tsunami Early-Warning with Distributed Acoustic Sensing: Expected Seafloor Strains Induced by Tsunamis,ART,10.1007/s00024-026-03940-1,10.57745/ENBAIS,doi,10.57745/ENBAIS,Recherche Data Gouv,dataset_repo,Recherche Data Gouv,https://entrepot.recherche.data.gouv.fr/citation?persistentId=doi:10.57745/ENBAIS,entrepot.recherche.data.gouv.fr,10.57745,rdg.prod,Replication Data for: Towards tsunami early-warning with Distributed Acoustic Sensing: expected seafloor strains induced by tsunamis,
hal-05633888,https://hal.science/hal-05633888v1,Untargeted metabolomic dataset of leaves from twenty-four accessions of wild and cultivated tomato plants,ART,10.1016/j.dib.2026.112828,10.57745/QM0BOR,doi,10.57745/QM0BOR,Recherche Data Gouv,dataset_repo,Recherche Data Gouv,https://entrepot.recherche.data.gouv.fr/citation?persistentId=doi:10.57745/QM0BOR,entrepot.recherche.data.gouv.fr,10.57745,rdg.prod,Untargeted metabolomic dataset of leaves from twenty four accessions of wild and cultivated tomato plants,
hal-05662277,https://hal.science/hal-05662277v1,The ExEco Dataset: A Textual Dataset of French Economic and Social Thought (1918–1960),UNDEFINED,,10.34847/nkl.0dee15ow,doi,10.34847/nkl.0dee15ow,NAKALA,dataset_repo,NAKALA - https://nakala.fr (Huma-Num - CNRS),https://nakala.fr/10.34847/nkl.0dee15ow,nakala.fr,10.34847,inist.humanum,The ExEco Dataset: A Textual Dataset of French Economic and Social Thought (1918–1960),
hal-05681913,https://hal.science/hal-05681913v1,Safety First! Modelling Requirements from GPT-5 System Card using Lightweight Safety Models,COMM,,10.5281/zenodo.20446669,doi,10.5281/zenodo.20446669,Zenodo,dataset_repo,Zenodo,https://zenodo.org/doi/10.5281/zenodo.20446669,zenodo.org,10.5281,cern.zenodo,MoDRE26 - Safety First! Modelling Requirements from GPT-5 System Card using Lightweight Safety Models,
hal-05689658,https://minesparis-psl.hal.science/hal-05689658v1,Propagation of fluid-driven aseismic slip fronts under upper crustal conditions,ART,10.1126/sciadv.aeb0234,10.5281/zenodo.19255031,doi,10.5281/zenodo.19255031,Zenodo,dataset_repo,Zenodo,https://zenodo.org/doi/10.5281/zenodo.19255031,zenodo.org,10.5281,cern.zenodo,Dataset for: Propagation of fluid-driven aseismic slip fronts under upper crustal conditions,
hal-05721890,https://hal.science/hal-05721890v1,The Asian ladybird Harmonia axyridis at the interface between biological control and invasion: insights from population and quantitative genetics,UNDEFINED,,10.57745/QHUQOP,doi,10.57745/QHUQOP,Recherche Data Gouv,dataset_repo,Recherche Data Gouv,https://entrepot.recherche.data.gouv.fr/citation?persistentId=doi:10.57745/QHUQOP,entrepot.recherche.data.gouv.fr,10.57745,rdg.prod,"Data package for the manuscript ""The Asian ladybird Harmonia axyridis at the interface between biological control and invasion: insights from population and quantitative genetics""",
hal-05721920,https://hal.science/hal-05721920v1,Semi‐Natural Habitats Buffer the Effects of Crop Diversification on Arthropod Pest Control Services in Agricultural Landscapes,ART,10.1111/ele.70440,10.5281/zenodo.17379612,doi,10.5281/zenodo.17379612,Zenodo,dataset_repo,Zenodo,https://zenodo.org/doi/10.5281/zenodo.17379612,zenodo.org,10.5281,cern.zenodo,Data and Code from : Semi-natural habitats buffer the context-dependent effects of crop diversification on pest control services in agricultural landscapes,
hal-05753637,https://hal.science/hal-05753637v1,Tracking Deep Mantle Melting on Mars Using Phobos Tides,ART,10.1029/2026JE009726,10.5281/zenodo.21775722,doi,10.5281/zenodo.21775722,Zenodo,dataset_repo,Zenodo,https://zenodo.org/doi/10.5281/zenodo.21775722,zenodo.org,10.5281,cern.zenodo,Data : Tracking Mantle Melting on Mars Using Phobos Tides,
halshs-00006898,https://shs.hal.science/halshs-00006898v1,Les débuts dans la vie active des jeunes issus de l'immigration après des études supérieures,ART,,10.13144/lil-0167,doi,10.13144/lil-0167,Progedo-Adisp,dataset_repo,Progedo-Adisp,https://data.progedo.fr/studies/doi/10.13144/lil-0167,data.progedo.fr,10.13144,inist.adisp,Génération 1998 - Interrogation à 3 ans - 2001,
halshs-03370962,https://shs.hal.science/halshs-03370962v1,"Unequal housing affordability across European cities. The ESPON Housing Database, Insights on Affordability in Selected Cities in Europe",ART,10.4000/cybergeo.36478,10.34847/nkl.aaea911g,doi,10.34847/nkl.aaea911g,NAKALA,dataset_repo,NAKALA - https://nakala.fr (Huma-Num - CNRS),https://nakala.fr/10.34847/nkl.aaea911g,nakala.fr,10.34847,inist.humanum,Unequal housing affordability across European cities,
insu-03996509,https://insu.hal.science/insu-03996509v1,Instrumentation for Ionized Space Environments: New High Time Resolution Instrumental Modes of Mutual Impedance Experiments,ART,10.1029/2022JA031055,10.5281/zenodo.7278491,doi,10.5281/zenodo.7278491,Zenodo,dataset_repo,Zenodo,https://zenodo.org/record/7278491,zenodo.org,10.5281,cern.zenodo,New high time resolution mutual impedance measurements,
insu-04197021,https://insu.hal.science/insu-04197021v1,Space Plasma Diagnostics and Spacecraft Charging. The Impact of Plasma Inhomogeneities on Mutual Impedance Experiments,ART,10.1029/2023JA031534,10.5281/zenodo.8119856,doi,10.5281/zenodo.8119856,Zenodo,dataset_repo,Zenodo,https://zenodo.org/record/8119856,zenodo.org,10.5281,cern.zenodo,1D-1V Vlasov-Poisson Simulations of Mutual Impedance Experiments in the presence of small-scale and large-scale plasma inhomogeneities - PART 3,
insu-04197043,https://insu.hal.science/insu-04197043v1,Two types of slab components under Ecuadorian volcanoes supported by primitive olivine-hosted melt inclusion study,ART,10.1016/j.lithos.2023.107049,10.26022/IEDA/111625,doi,10.26022/IEDA/111625,Interdisciplinary Earth Data Alliance (IEDA),dataset_repo,Interdisciplinary Earth Data Alliance (IEDA),https://ecl.earthchem.org/view.php?id=1625,ecl.earthchem.org,10.26022,xaqp.jamqzm,Olivine-hosted re-heated melt inclusion composition from Ecuadorian volcanoes,
insu-04227973,https://insu.hal.science/insu-04227973v1,Maps of Solar Wind Plasma Precipitation onto Mercury's Surface: A Geographical Perspective,ART,10.3847/PSJ/acef15,10.5281/zenodo.7927373,doi,10.5281/zenodo.7927373,Zenodo,dataset_repo,Zenodo,https://zenodo.org/record/7927373,zenodo.org,10.5281,cern.zenodo,Maps of solar wind plasma precipitation onto Mercury's surface: a geographical perspective,
insu-04379375,https://insu.hal.science/insu-04379375v1,Spacecraft Charging Simulations of Probe B1 of Comet Interceptor during the Cometary Flyby,ART,10.3847/1538-4357/ad0ce5,10.5281/zenodo.10083020,doi,10.5281/zenodo.10083020,Zenodo,dataset_repo,Zenodo,https://zenodo.org/doi/10.5281/zenodo.10083020,zenodo.org,10.5281,cern.zenodo,"Data for ""Spacecraft charging simulations of probe B1 of Comet Interceptor during the cometary flyby""",
insu-04923392,https://insu.hal.science/insu-04923392v1,Local Generation of Mirror Modes by Pickup Protons at Mars,ART,10.1029/2024JA033275,10.5281/zenodo.5725288,doi,10.5281/zenodo.5725288,Zenodo,dataset_repo,Zenodo,https://zenodo.org/doi/10.5281/zenodo.5725288,zenodo.org,10.5281,cern.zenodo,"Predicted times, spatial coordinates of bow shock crossings and shock geometry at Mars from the NASA/MAVEN mission, using spacecraft ephemerides and magnetic field data, with a predictor-corrector algorithm",
insu-04974387,https://insu.hal.science/insu-04974387v1,"Timing of Contractional Stress Propagation, From the Pyrenean Orogen to the Intraplate Domain, Evidenced by U‐Pb Dating of Syn‐Kinematic Calcite",ART,10.1029/2024TC008634,10.17632/8mr86grhnk.1,doi,10.17632/8mr86grhnk.1,Mendeley Data,dataset_repo,Mendeley Data,https://data.mendeley.com/datasets/8mr86grhnk/1,data.mendeley.com,10.17632,bl.mendeley,"U-Pb on syn-kinematic calcite, Pyrenees, France",
insu-05082245,https://insu.hal.science/insu-05082245v1,Enhancing Debris Flow Warning via Machine Learning Feature Reduction and Model Selection,ART,10.1029/2024JF008094,10.5281/zenodo.15020368,doi,10.5281/zenodo.15020368,Zenodo,dataset_repo,Zenodo,https://zenodo.org/doi/10.5281/zenodo.15020368,zenodo.org,10.5281,cern.zenodo,"Supporting material for ""Enhancing debris flow warning via machine learning feature reduction and model selection""",
insu-05140539,https://insu.hal.science/insu-05140539v1,Evidence for a sub-Jovian planet in the young TWA 7 disk,ART,10.1038/s41586-025-09150-4,10.17909/4qvz-sw62,doi,10.17909/4qvz-sw62,STScI/MAST,dataset_repo,STScI/MAST,http://archive.stsci.edu/doi/resolve/resolve.html?doi=10.17909/4qvz-sw62,archive.stsci.edu,10.17909,stsci.mast,Data used in the JWST/MIRI paper on TWA7 ,
insu-05410854,https://insu.hal.science/insu-05410854v1,SpectroTranslator: Deep-neural network algorithm for homogenising spectroscopic parameters,ART,10.1051/0004-6361/202450198,10.26093/cds/vizier.36900054,doi,10.26093/cds/vizier.36900054,Centre de Donnees Strasbourg (CDS),dataset_repo,Centre de Donnees Strasbourg (CDS),https://cdsarc.cds.unistra.fr/viz-bin/cat/J/A+A/690/A54,cdsarc.cds.unistra.fr,10.26093,inist.cds,SpectroTranslator GALAH and APOGEE examples,
insu-05620657,https://insu.hal.science/insu-05620657v1,"Fault Volume Digital Twin to Reproduce the Full Slip Spectrum, Scaling, and Statistical Laws",ART,10.1029/2025JB032915,10.5281/zenodo.18599125,doi,10.5281/zenodo.18599125,Zenodo,dataset_repo,Zenodo,https://zenodo.org/doi/10.5281/zenodo.18599125,zenodo.org,10.5281,cern.zenodo,"Fault volume digital twin to reproduce the full slip spectrum, scaling and statistical laws",
insu-05687170,https://insu.hal.science/insu-05687170v1,Effect of Solar Wind Turbulence on Temperature-Anisotropy-Driven Modes in Mercury's Magnetosheath,ART,10.1029/2025JA034897,10.5281/zenodo.17672514,doi,10.5281/zenodo.17672514,Zenodo,dataset_repo,Zenodo,https://zenodo.org/doi/10.5281/zenodo.17672514,zenodo.org,10.5281,cern.zenodo,Mercury's magnetosphere with laminar solar wind conditions using the Menura solver,
insu-05687170,https://insu.hal.science/insu-05687170v1,Effect of Solar Wind Turbulence on Temperature-Anisotropy-Driven Modes in Mercury's Magnetosheath,ART,10.1029/2025JA034897,10.5281/zenodo.17672619,doi,10.5281/zenodo.17672619,Zenodo,dataset_repo,Zenodo,https://zenodo.org/doi/10.5281/zenodo.17672619,zenodo.org,10.5281,cern.zenodo,Mercury's magnetosphere with turbulent solar wind conditions using the Menura solver,
ird-03774373,https://ird.hal.science/ird-03774373v1,ReefTEMPS documente l'impact local du changement climatique et les paramètres qui influent sur la résilience des écosystèmes récifaux,COMM,,10.17882/55128,doi,10.17882/55128,SEANOE,dataset_repo,SEANOE,https://www.seanoe.org/data/00440/55128/,seanoe.org,10.17882,euvi.seanoe,ReefTEMPS : The Pacific Island coastal ocean observation network,
lirmm-00642899,https://hal-lirmm.ccsd.cnrs.fr/lirmm-00642899v1,Fuzzy Web Data Tables Integration Guided by an Ontological and Terminological Resource,ART,10.1109/TKDE.2011.245,10.15454/NK24ID,doi,10.15454/NK24ID,Recherche Data Gouv,dataset_repo,Recherche Data Gouv,https://entrepot.recherche.data.gouv.fr/citation?persistentId=doi:10.15454/NK24ID,entrepot.recherche.data.gouv.fr,10.15454,rdg.prod,Matter Transfer Ontology,
lirmm-01346685,https://hal-lirmm.ccsd.cnrs.fr/lirmm-01346685v1,A decision support system for eco-efficient biorefinery process comparison using a semantic approach,ART,10.1016/j.compag.2016.06.020,10.15454/X2MOWO,doi,10.15454/X2MOWO,Recherche Data Gouv,dataset_repo,Recherche Data Gouv,https://entrepot.recherche.data.gouv.fr/citation?persistentId=doi:10.15454/X2MOWO,entrepot.recherche.data.gouv.fr,10.15454,rdg.prod,Biorefinery ontology,
lirmm-01892712,https://hal-lirmm.ccsd.cnrs.fr/lirmm-01892712v1,Choice of environment-friendly food packagings through argumentation systems and preferences,ART,10.1016/j.ecoinf.2018.07.006,10.15454/F4C8I0,doi,10.15454/F4C8I0,Recherche Data Gouv,dataset_repo,INRA,https://data.inrae.fr/citation?persistentId=doi:10.15454/F4C8I0,data.inrae.fr,10.15454,rdg.prod,Consumer perception data about food packaging functionalities for fresh strawberries - Wood packaging consumers’ arguments,
lirmm-01892712,https://hal-lirmm.ccsd.cnrs.fr/lirmm-01892712v1,Choice of environment-friendly food packagings through argumentation systems and preferences,ART,10.1016/j.ecoinf.2018.07.006,10.15454/GNBUFH,doi,10.15454/GNBUFH,Recherche Data Gouv,dataset_repo,INRA,https://data.inrae.fr/citation?persistentId=doi:10.15454/GNBUFH,data.inrae.fr,10.15454,rdg.prod,Consumer perception data about food packaging functionalities for fresh strawberries - Consumers’ answers to poll for Wood packaging,
lirmm-01893516,https://hal-lirmm.ccsd.cnrs.fr/lirmm-01893516v1,A Decision Support Tool for Agricultural Applications Based on Computational Social Choice and Argumentation,ART,10.4018/IJAEIS.2018070104,10.15454/IZJIT7,doi,10.15454/IZJIT7,Recherche Data Gouv,dataset_repo,Recherche Data Gouv,https://entrepot.recherche.data.gouv.fr/citation?persistentId=doi:10.15454/IZJIT7,entrepot.recherche.data.gouv.fr,10.15454,rdg.prod,"Stakeholders' preferences survey about new technology acceptance and potential development for waste management in wine production in Languedoc Roussillon, France",
lirmm-02162114,https://hal-lirmm.ccsd.cnrs.fr/lirmm-02162114v1,Expertise-based decision support for managing food quality in agri-food companies,ART,10.1016/j.compag.2019.05.052,10.15454/9Z4PS3,doi,10.15454/9Z4PS3,Recherche Data Gouv,dataset_repo,Recherche Data Gouv,https://entrepot.recherche.data.gouv.fr/citation?persistentId=doi:10.15454/9Z4PS3,entrepot.recherche.data.gouv.fr,10.15454,rdg.prod,Capex ontology,
obspm-05218404,https://hal-obspm.ccsd.cnrs.fr/obspm-05218404v1,Towards 0.1mm/yr stability over decades for measuring sea level using tide gauges together with GNSS-based instruments?,ART,10.1080/01490419.2025.2546920,10.48670/moi-00242,doi,10.48670/moi-00242,Mercator Ocean International,dataset_repo,Mercator Ocean International,https://resources.marine.copernicus.eu/product-detail/GLOBAL_OMI_TEMPSAL_sst_area_averaged_anomalies/INFORMATION,resources.marine.copernicus.eu,10.48670,jugt.yxcdej,Global Ocean Sea Surface Temperature time series and trend from Observations Reprocessing,
obspm-05218404,https://hal-obspm.ccsd.cnrs.fr/obspm-05218404v1,Towards 0.1mm/yr stability over decades for measuring sea level using tide gauges together with GNSS-based instruments?,ART,10.1080/01490419.2025.2546920,10.48670/moi-00268,doi,10.48670/moi-00268,Mercator Ocean International,dataset_repo,Mercator Ocean International,https://resources.marine.copernicus.eu/product-detail/MEDSEA_OMI_TEMPSAL_sst_area_averaged_anomalies/INFORMATION,resources.marine.copernicus.eu,10.48670,jugt.yxcdej,Mediterranean Sea Surface Temperature time series and trend from Observations Reprocessing,
tel-01317630,https://hal.science/tel-01317630v1,Analyse des dynamiques spatio-temporelles des systèmes de peuplement dans un contexte d'incertitude. Application à l'archéologie spatiale.,THESE,,medihal-01259661,other,,,,,,,,,,
tel-01317630,https://hal.science/tel-01317630v1,Analyse des dynamiques spatio-temporelles des systèmes de peuplement dans un contexte d'incertitude. Application à l'archéologie spatiale.,THESE,,medihal-01259664,other,,,,,,,,,,
