halId_s,hal_uri,hal_title,hal_docType,publication_doi,source_field,expected_field,dataset_doi,repository,landing_url,dataset_title,correction_note
hal-01661608,https://enpc.hal.science/hal-01661608v5,An explicit pseudo-energy conserving time-integration scheme for Hamiltonian dynamics,ART,10.1016/j.cma.2019.01.013,relatedPublication_s,relatedData_s,10.5281/zenodo.3339369,Zenodo,https://zenodo.org/record/3339369,marazzaf/MEMM: Zenodo,Dataset DOI found in relatedPublication_s; expected HAL field is relatedData_s.
hal-02099602,https://inria.hal.science/hal-02099602v1,museval,SOFTWARE,,relatedPublication_s,relatedData_s,10.5281/zenodo.2635786,Zenodo,https://zenodo.org/record/2635786,sigsep/sigsep-mus-eval: Ready for SiSEC 2018,Dataset DOI found in relatedPublication_s; expected HAL field is relatedData_s.
hal-02567829,https://hal.science/hal-02567829v3,The origin of the allometric scaling of lung's ventilation in mammals,ART,10.24072/pci.mcb.100005,relatedPublication_s,relatedData_s,10.5281/zenodo.5112934,Zenodo,https://zenodo.org/record/5112934,Code for The origin of the allometric scaling of lung's ventilation in mammals,Dataset DOI found in relatedPublication_s; expected HAL field is relatedData_s.
hal-02570868,https://hal.science/hal-02570868v4,The hidden side of the Allee effect: correlated demographic traits and extinction risk in experimental populations,UNDEFINED,,relatedPublication_s,relatedData_s,10.5281/zenodo.4650051,Zenodo,https://zenodo.org/record/4650051,The hidden side of the Allee effect - Supplementary Material,Dataset DOI found in relatedPublication_s; expected HAL field is relatedData_s.
hal-02890453,https://hal.science/hal-02890453v1,Towards a sonic ecology of urban life: Ethnography of sound perception in Cairo,ART,10.1080/17458927.2020.1763606,relatedPublication_s,relatedData_s,10.5281/zenodo.3950868,Zenodo,https://zenodo.org/record/3950868,"Hassan #1 binaural recording in Darb al-Ahmar, Cairo (Egypt), 25-10-2011",Dataset DOI found in relatedPublication_s; expected HAL field is relatedData_s.
hal-02890453,https://hal.science/hal-02890453v1,Towards a sonic ecology of urban life: Ethnography of sound perception in Cairo,ART,10.1080/17458927.2020.1763606,relatedPublication_s,relatedData_s,10.5281/zenodo.3950970,Zenodo,https://zenodo.org/record/3950970,"Mona binaural recording in Bashtil, Cairo (Egypt), 26-10-2011",Dataset DOI found in relatedPublication_s; expected HAL field is relatedData_s.
hal-02890453,https://hal.science/hal-02890453v1,Towards a sonic ecology of urban life: Ethnography of sound perception in Cairo,ART,10.1080/17458927.2020.1763606,relatedPublication_s,relatedData_s,10.5281/zenodo.3950847,Zenodo,https://zenodo.org/record/3950847,"Leyla binaural recording in Darb al-Ahmar, Cairo (Egypt), 27-10-2011",Dataset DOI found in relatedPublication_s; expected HAL field is relatedData_s.
hal-02890453,https://hal.science/hal-02890453v1,Towards a sonic ecology of urban life: Ethnography of sound perception in Cairo,ART,10.1080/17458927.2020.1763606,relatedPublication_s,relatedData_s,10.5281/zenodo.3950958,Zenodo,https://zenodo.org/record/3950958,"Hassan #2 Route binaural recording in Duwiqa, Cairo (Egypt), 28-09-2012",Dataset DOI found in relatedPublication_s; expected HAL field is relatedData_s.
hal-02890453,https://hal.science/hal-02890453v1,Towards a sonic ecology of urban life: Ethnography of sound perception in Cairo,ART,10.1080/17458927.2020.1763606,relatedPublication_s,relatedData_s,10.5281/zenodo.3950974,Zenodo,https://zenodo.org/record/3950974,"Salma binaural recording, Wast al-Balad, Cairo (Egypt), 26-09-2012",Dataset DOI found in relatedPublication_s; expected HAL field is relatedData_s.
hal-02890453,https://hal.science/hal-02890453v1,Towards a sonic ecology of urban life: Ethnography of sound perception in Cairo,ART,10.1080/17458927.2020.1763606,relatedPublication_s,relatedData_s,10.5281/zenodo.3950988,Zenodo,https://zenodo.org/record/3950988,"Samir binaural recording in Bashtil, Cairo (Egypt), 28-09-2012",Dataset DOI found in relatedPublication_s; expected HAL field is relatedData_s.
hal-02890453,https://hal.science/hal-02890453v1,Towards a sonic ecology of urban life: Ethnography of sound perception in Cairo,ART,10.1080/17458927.2020.1763606,relatedPublication_s,relatedData_s,10.5281/zenodo.3950998,Zenodo,https://zenodo.org/record/3950998,"Shady binaural recording in Wast al-Balad, Cairo (Egypt), 26-09-2012",Dataset DOI found in relatedPublication_s; expected HAL field is relatedData_s.
hal-02890453,https://hal.science/hal-02890453v1,Towards a sonic ecology of urban life: Ethnography of sound perception in Cairo,ART,10.1080/17458927.2020.1763606,relatedPublication_s,relatedData_s,10.5281/zenodo.3950835,Zenodo,https://zenodo.org/record/3950835,"Evelyn binaural recording in Wast al-Balad, Cairo (Egypt), 29-05-2013",Dataset DOI found in relatedPublication_s; expected HAL field is relatedData_s.
hal-02890453,https://hal.science/hal-02890453v1,Towards a sonic ecology of urban life: Ethnography of sound perception in Cairo,ART,10.1080/17458927.2020.1763606,relatedPublication_s,relatedData_s,10.5281/zenodo.3950791,Zenodo,https://zenodo.org/record/3950791,"Mohammed binaural recording in Ghamra, Cairo (Egypt), 30-05-2013",Dataset DOI found in relatedPublication_s; expected HAL field is relatedData_s.
hal-02890453,https://hal.science/hal-02890453v1,Towards a sonic ecology of urban life: Ethnography of sound perception in Cairo,ART,10.1080/17458927.2020.1763606,relatedPublication_s,relatedData_s,10.5281/zenodo.3950962,Zenodo,https://zenodo.org/record/3950962,"Maurice binaural recording in Garden City, Cairo (Egypt), 30-05-2013",Dataset DOI found in relatedPublication_s; expected HAL field is relatedData_s.
hal-02928114,https://hal.inrae.fr/hal-02928114v1,Aphid infestation differently affects the defences of nitrate-fed and nitrogen-fixing Medicago truncatula and alters symbiotic nitrogen fixation,ART,10.1098/rspb.2020.1493,relatedPublication_s,relatedData_s,10.57745/WGBWYO,Recherche Data Gouv,,,Dataset DOI found in relatedPublication_s; expected HAL field is relatedData_s.
hal-02942641,https://hal.science/hal-02942641v1,Experimental Tuning of Transport Regimes in Hyperuniform Disordered Photonic Materials,ART,10.1103/PhysRevLett.125.127402,relatedPublication_s,relatedData_s,10.5281/zenodo.3978032,Zenodo,https://zenodo.org/record/3978032,Experimental Tuning of Transport Regimes in Hyperuniform Disordered Photonic Materials,Dataset DOI found in relatedPublication_s; expected HAL field is relatedData_s.
hal-03033777,https://hal.science/hal-03033777v2,Network alignment and similarity reveal atlas-based topological differences in structural connectomes,ART,10.1162/netn_a_00199,relatedPublication_s,relatedData_s,10.17605/OSF.IO/DEPUX,OSF,https://osf.io/depux/,Brain Alignment,Dataset DOI found in relatedPublication_s; expected HAL field is relatedData_s.
hal-03033777,https://hal.science/hal-03033777v2,Network alignment and similarity reveal atlas-based topological differences in structural connectomes,ART,10.1162/netn_a_00199,relatedPublication_s,relatedData_s,10.5281/zenodo.4922771,Zenodo,https://zenodo.org/record/4922771,WL-align,Dataset DOI found in relatedPublication_s; expected HAL field is relatedData_s.
hal-03283627,https://hal.science/hal-03283627v1,Capturing the diversity of analyses on the Linux kernel variability,COMM,10.1145/3461001.3471151,relatedPublication_s,relatedData_s,10.5281/zenodo.4715969,Zenodo,https://zenodo.org/record/4715969,Capturing the diversity of analyses on the Linux kernel variability – Companion Technical Report,Dataset DOI found in relatedPublication_s; expected HAL field is relatedData_s.
hal-03284626,https://hal.science/hal-03284626v1,Extending the Identification of Object-Oriented Variability Implementations using Usage Relationships,COMM,10.1145/3461002.3473943,relatedPublication_s,relatedData_s,10.5281/zenodo.4946729,Zenodo,https://zenodo.org/record/4946729,Extending the Identification of Object-Oriented Variability Implementations using Usage Relationships — Reproduction Package,Dataset DOI found in relatedPublication_s; expected HAL field is relatedData_s.
hal-03312487,https://hal.science/hal-03312487v1,Visualization of Object-Oriented Variability Implementations as Cities,COMM,10.1109/VISSOFT52517.2021.00017,relatedPublication_s,relatedData_s,10.5281/zenodo.5034199,Zenodo,https://zenodo.org/record/5034199,Visualization of Object-Oriented Variability Implementations as Cities — Reproduction package,Dataset DOI found in relatedPublication_s; expected HAL field is relatedData_s.
hal-03474067,https://hal.science/hal-03474067v1,A process reverse engineering approach using Process and Observation Ontology and Probabilistic Relational Models: application to processing of bio-composites for food packaging,COMM,10.1007/978-3-030-98876-0_1,relatedPublication_s,relatedData_s,10.15454/AIF6TX,Recherche Data Gouv,https://entrepot.recherche.data.gouv.fr/citation?persistentId=doi:10.15454/AIF6TX,PO2 Biorefinery Ontology,Dataset DOI found in relatedPublication_s; expected HAL field is relatedData_s.
hal-03523976,https://hal.science/hal-03523976v1,La faune marine,COUV,,relatedPublication_s,relatedData_s,10.5281/zenodo.4971978,Zenodo,https://zenodo.org/record/4971978,ERETRIA XXV. Les thermes du centre,Dataset DOI found in relatedPublication_s; expected HAL field is relatedData_s.
hal-03528633,https://hal.inrae.fr/hal-03528633v1,Landscape connectivity alters the evolution of density-dependent dispersal during pushed range expansions,ART,10.24072/pcjournal.347,relatedPublication_s,relatedData_s,10.5281/zenodo.4570235,Zenodo,https://zenodo.org/doi/10.5281/zenodo.4570235,"mdahirel/pushed-pulled-2020-phenotype: data and code for ""Landscape connectivity alters the evolution of density-dependent dispersal during pushed range expansions""",Dataset DOI found in relatedPublication_s; expected HAL field is relatedData_s.
hal-03545512,https://hal-lara.archives-ouvertes.fr/hal-03545512v1,Pratiques et usages des outils numériques dans les communautés scientifiques en France,REPORT,10.52949/5,relatedPublication_s,relatedData_s,10.5281/zenodo.3935958,Zenodo,https://zenodo.org/record/3935958,questionnaire SOSP-FR - fr,Dataset DOI found in relatedPublication_s; expected HAL field is relatedData_s.
hal-03657077,https://hal.science/hal-03657077v1,"ROV3G 2021 database: geophysical data on the continental shelf offshore Santo Stefano al Mare and San Lorenzo al mare, Liguria, Italy.",OTHER,,relatedPublication_s,relatedData_s,10.17600/18000869,Sismer,https://campagnes.flotteoceanographique.fr/campagnes/18000869/,"ROV3G cruise,L'Europe R/V",Dataset DOI found in relatedPublication_s; expected HAL field is relatedData_s.
hal-03909555,https://hal.science/hal-03909555v1,La catena di influenze nella ricezione moderna di Plutarco e il riuso delle Vite di Cesare e Bruto: teoria e prassi dei Classical Reception Studies,ART,10.5281/zenodo.3766100,relatedPublication_s,relatedData_s,10.5281/zenodo.37660964,Zenodo,,,Dataset DOI found in relatedPublication_s; expected HAL field is relatedData_s.
hal-03936013,https://hal.science/hal-03936013v1,A Positive Feedback Between Crustal Thickness and Melt Extraction for the Origin of the Martian Dichotomy,ART,10.1029/2022JE007472,relatedPublication_s,relatedData_s,10.5281/zenodo.7228037,Zenodo,https://zenodo.org/record/7228037,A positive feedback between crustal thickness and melt extraction for the origin of the Martian dichotomy - Figure software &amp; Data,Dataset DOI found in relatedPublication_s; expected HAL field is relatedData_s.
hal-04012636,https://hal.science/hal-04012636v4,A biologically plausible decision-making model based on interacting neural populations,ART,10.1371/journal.pone.0340393,relatedPublication_s,relatedData_s,10.5281/zenodo.7682309,Zenodo,https://zenodo.org/record/7682309,Jupyter notebook of a biophysically plausible decision-making model based on interacting cortical columns,Dataset DOI found in relatedPublication_s; expected HAL field is relatedData_s.
hal-04012636,https://hal.science/hal-04012636v4,A biologically plausible decision-making model based on interacting neural populations,ART,10.1371/journal.pone.0340393,seeAlso_s,relatedData_s,10.5281/zenodo.7682309,Zenodo,https://zenodo.org/record/7682309,Jupyter notebook of a biophysically plausible decision-making model based on interacting cortical columns,Dataset DOI found in seeAlso_s; expected HAL field is relatedData_s.
hal-04127943,https://hal.science/hal-04127943v1,AJAR: An Argumentation-based Judging Agents Framework for Ethical Reinforcement Learning,COMM,10.5555/3545946.3598956,relatedPublication_s,relatedData_s,10.5281/zenodo.7628903,Zenodo,https://zenodo.org/record/7628903,AJAR: An Argumentation-based Judging Agents Framework for Ethical Reinforcement Learning,Dataset DOI found in relatedPublication_s; expected HAL field is relatedData_s.
hal-04128090,https://hal.science/hal-04128090v1,Morph-xR2RML: MongoDB-to-RDF translation,SOFTWARE,,relatedPublication_s,relatedData_s,10.5281/zenodo.5148233,Zenodo,https://zenodo.org/record/5148233,frmichel/morph-xr2rml: 1.3.1,Dataset DOI found in relatedPublication_s; expected HAL field is relatedData_s.
hal-04177913,https://hal.science/hal-04177913v5,"Trocq: Proof Transfer for Free, With or Without Univalence",COMM,10.1007/978-3-031-57262-3_10,relatedPublication_s,relatedData_s,10.5281/zenodo.10512873,Zenodo,https://zenodo.org/doi/10.5281/zenodo.10512873,coq-community/trocq: Trocq 0.1.3,Dataset DOI found in relatedPublication_s; expected HAL field is relatedData_s.
hal-04180802,https://hal.science/hal-04180802v1,A machine learning framework for the quantification of experimental uveitis in murine OCT,ART,10.1364/BOE.489271,relatedPublication_s,relatedData_s,10.5281/zenodo.7969979,Zenodo,https://zenodo.org/record/7969979,Mellak/Toolbox-for-the-analysis-of-3D-OCT-images-of-murine-retina: v0.0.1,Dataset DOI found in relatedPublication_s; expected HAL field is relatedData_s.
hal-04189178,https://hal.science/hal-04189178v1,An Open Database to Evaluate the Fundamental Frequency of Historical Masonry Towers through Empirical and Physics-Based Formulations,ART,10.3390/buildings13092168,relatedPublication_s,relatedData_s,10.5281/zenodo.8283641,Zenodo,https://zenodo.org/record/8283641,TURRIS: an open source database and Python tools to compute the fundamental frequency of historic masonry towers,Dataset DOI found in relatedPublication_s; expected HAL field is relatedData_s.
hal-04205666,https://hal.science/hal-04205666v1,NINSAR: New itineraries for agroecology using cooperative robots,POSTER,,relatedPublication_s,relatedData_s,10.5281/zenodo.7620940,Zenodo,https://zenodo.org/record/7620940,New Itineraries for Agroecology Using Cooperative Robots,Dataset DOI found in relatedPublication_s; expected HAL field is relatedData_s.
hal-04258700,https://hal.science/hal-04258700v1,The XXL Survey LV. Pressure profile and $Y_{\rm SZ}$-$M$ scaling relation in three low-mass galaxy clusters at $z\sim1$ observed with NIKA2,ART,10.1051/0004-6361/202348049,relatedPublication_s,relatedData_s,10.26093/cds/vizier,CDS,https://vizier.cds.unistra.fr,The VizieR database of astronomical catalogues,Dataset DOI found in relatedPublication_s; expected HAL field is relatedData_s.
hal-04289970,https://hal.science/hal-04289970v1,Combining different points of view on plant descriptions: mapping agricultural plant roles and biological taxa,ART,10.3389/frai.2023.1188036,relatedPublication_s,relatedData_s,10.57745/LVRFWJ,Recherche Data Gouv,https://entrepot.recherche.data.gouv.fr/citation?persistentId=doi:10.57745/LVRFWJ,Alignment of French Crop Usage Thesaurus and French National Taxonomic Repository TAXREF-LD,Dataset DOI found in relatedPublication_s; expected HAL field is relatedData_s.
hal-04337163,https://hal.science/hal-04337163v1,Sea surface temperature reconstruction in the Pacific Ocean using multi-elemental proxy in Porites and Diploastrea corals: Application to Palau Archipelago,ART,10.1016/j.chemgeo.2023.121884,relatedPublication_s,relatedData_s,10.5281/zenodo.3777760,Zenodo,https://zenodo.org/record/3777760,Tara Pacific Expedition Participants,Dataset DOI found in relatedPublication_s; expected HAL field is relatedData_s.
hal-04436131,https://hal.science/hal-04436131v1,Sedimentary Records in the Lesser Antilles Fore‐Arc Basins Provide Evidence of Large Late Quaternary Megathrust Earthquakes,ART,10.1029/2023GC011152,relatedPublication_s,relatedData_s,10.17600/16001800,Sismer,https://campagnes.flotteoceanographique.fr/campagnes/16001800/,"CASEIS cruise,Pourquoi pas ? R/V",Dataset DOI found in relatedPublication_s; expected HAL field is relatedData_s.
hal-04478565,https://hal.science/hal-04478565v1,Geospatial identification of stakeholders to support dynamic ocean management in transboundary areas,ART,10.1016/j.marpol.2024.106035,relatedPublication_s,relatedData_s,10.5281/zenodo.10624748,Zenodo,https://zenodo.org/doi/10.5281/zenodo.10624748,fedefabbri/DOM_WestMed: DOM_WestMED 1.0,Dataset DOI found in relatedPublication_s; expected HAL field is relatedData_s.
hal-04538386,https://hal.science/hal-04538386v1,Campagne océanographique AMARYLLIS - AMAGAS,BLOG,,relatedPublication_s,relatedData_s,10.17600/18003361,Sismer,https://campagnes.flotteoceanographique.fr/campagnes/18003361/,"VT 181 / AMARYLLIS-AMAGAS I cruise,Marion Dufresne R/V",Dataset DOI found in relatedPublication_s; expected HAL field is relatedData_s.
hal-04581266,https://hal.inrae.fr/hal-04581266v1,Mapping global orchid assemblages with deep learning provides novel conservation insights,ART,10.1016/j.ecoinf.2024.102627,relatedPublication_s,relatedData_s,10.6084/m9.figshare.22803431,Figshare,https://figshare.com/articles/journal_contribution/Mapping_global_orchid_assemblages_with_deep_learning_provides_novel_conservation_insights/22803431,Mapping global orchid assemblages with deep learning provides novel conservation insights,Dataset DOI found in relatedPublication_s; expected HAL field is relatedData_s.
hal-04594231,https://hal.science/hal-04594231v1,STIVi: Turning Perspective Sketching Videos into Interactive Tutorials,COMM,10.1145/3670947.3670969,relatedPublication_s,relatedData_s,10.17605/OSF.IO/F2T65,OSF,https://osf.io/f2t65/,STIVi: Turning Perspective Sketching Videos into Interactive Tutorials,Dataset DOI found in relatedPublication_s; expected HAL field is relatedData_s.
hal-04642776,https://hal.science/hal-04642776v2,Constructive characterisations of the must-preorder for asynchrony,COMM,10.4230/LIPIcs,relatedPublication_s,relatedData_s,10.5281/zenodo.14735088,Zenodo,https://zenodo.org/doi/10.5281/zenodo.14735088,Formal proofs for Constructive characterisations of the MUST-preorder for asynchrony,Dataset DOI found in relatedPublication_s; expected HAL field is relatedData_s.
hal-04689830,https://hal.science/hal-04689830v1,Binary progenitor systems for Type Ic supernovae,ART,10.1038/s41467-024-51863-z,relatedPublication_s,relatedData_s,10.5281/zenodo.13152457,Zenodo,https://zenodo.org/doi/10.5281/zenodo.13152457,Binary progenitor systems for Type Ic supernovae Supplementary Data,Dataset DOI found in relatedPublication_s; expected HAL field is relatedData_s.
hal-04766885,https://hal.science/hal-04766885v1,Reconstitution of ORP-mediated lipid exchange coupled to PI4P metabolism,ART,10.1073/pnas.2315493121,relatedPublication_s,relatedData_s,10.6084/m9.figshare.25027946.v1,Figshare,https://figshare.com/articles/software/Reconstitution_of_ORP-mediated_lipid_exchange_coupled_to_PI4P_metabolism_/25027946/1,"Reconstitution of ORP-mediated lipid exchange coupled to PI4P metabolism.""",Dataset DOI found in relatedPublication_s; expected HAL field is relatedData_s.
hal-04948456,https://hal.science/hal-04948456v1,"Couches SIG des circonscriptions administratives d'Algérie (1942- 1949) : départements d’Alger, Constantine et Oran",OTHER,10.34847/nkl.e462qm6n,seeAlso_s,relatedData_s,10.34847/nkl.e462qm6n,NAKALA,https://nakala.fr/10.34847/nkl.e462qm6n,"Couches SIG des circonscriptions administratives d'Algérie (1942- 1949) : départements d’Alger, Constantine et Oran",Dataset DOI found in seeAlso_s; expected HAL field is relatedData_s.
hal-04962117,https://hal.science/hal-04962117v1,Les sens du mouvement,OUV,,relatedPublication_s,relatedData_s,10.34847/nkl.ed24g6g6,NAKALA,https://nakala.fr/10.34847/nkl.ed24g6g6,"Glossaire multilingue du taijiquan et des arts internes — français, anglais, néerlandais, espagnol, allemand, chinois (caractères et pinyin)",Dataset DOI found in relatedPublication_s; expected HAL field is relatedData_s.
hal-05054154,https://hal.science/hal-05054154v1,"Constraining the Effect of Bathymetric High Subduction in an Accretionary Wedge: Evidence From the Tokai Area of the Nankai Trough, Japan",ART,10.1029/2024GC011754,relatedPublication_s,relatedData_s,10.17596/0000155,JAMSTEC,https://www.jamstec.go.jp/datadoi/doi/10.17596/0000155.html,R/V KAIYO KY01-06 Leg1 Cruise Data,Dataset DOI found in relatedPublication_s; expected HAL field is relatedData_s.
hal-05054154,https://hal.science/hal-05054154v1,"Constraining the Effect of Bathymetric High Subduction in an Accretionary Wedge: Evidence From the Tokai Area of the Nankai Trough, Japan",ART,10.1029/2024GC011754,relatedPublication_s,relatedData_s,10.17596/0000964,JAMSTEC,https://www.jamstec.go.jp/datadoi/doi/10.17596/0000964.html,R/V KAIREI KR01-08 Cruise Data,Dataset DOI found in relatedPublication_s; expected HAL field is relatedData_s.
hal-05123213,https://hal.science/hal-05123213v1,Plate‐Scale Strike‐Slip Fault System in the Barbados Accretionary Wedge of the Lesser Antilles Subduction Zone,ART,10.1029/2024JB030059,relatedPublication_s,relatedData_s,10.17600/16001800,Sismer,https://campagnes.flotteoceanographique.fr/campagnes/16001800/,"CASEIS cruise,Pourquoi pas ? R/V",Dataset DOI found in relatedPublication_s; expected HAL field is relatedData_s.
hal-05123213,https://hal.science/hal-05123213v1,Plate‐Scale Strike‐Slip Fault System in the Barbados Accretionary Wedge of the Lesser Antilles Subduction Zone,ART,10.1029/2024JB030059,relatedPublication_s,relatedData_s,10.17600/98010120,Sismer,https://campagnes.flotteoceanographique.fr/campagnes/98010120/,"AGUADOMAR cruise,L'Atalante R/V",Dataset DOI found in relatedPublication_s; expected HAL field is relatedData_s.
hal-05123213,https://hal.science/hal-05123213v1,Plate‐Scale Strike‐Slip Fault System in the Barbados Accretionary Wedge of the Lesser Antilles Subduction Zone,ART,10.1029/2024JB030059,relatedPublication_s,relatedData_s,10.17600/2010030,Sismer,https://campagnes.flotteoceanographique.fr/campagnes/2010030/,"CARAVAL cruise,L'Atalante R/V",Dataset DOI found in relatedPublication_s; expected HAL field is relatedData_s.
hal-05123213,https://hal.science/hal-05123213v1,Plate‐Scale Strike‐Slip Fault System in the Barbados Accretionary Wedge of the Lesser Antilles Subduction Zone,ART,10.1029/2024JB030059,relatedPublication_s,relatedData_s,10.17600/9020020,Sismer,https://campagnes.flotteoceanographique.fr/campagnes/9020020/,"GWADASEIS cruise,Le Suroît R/V",Dataset DOI found in relatedPublication_s; expected HAL field is relatedData_s.
hal-05123213,https://hal.science/hal-05123213v1,Plate‐Scale Strike‐Slip Fault System in the Barbados Accretionary Wedge of the Lesser Antilles Subduction Zone,ART,10.1029/2024JB030059,relatedPublication_s,relatedData_s,10.17600/1080060,Sismer,https://campagnes.flotteoceanographique.fr/campagnes/1080060/,"SISMANTILLES 1 cruise,Le Nadir R/V",Dataset DOI found in relatedPublication_s; expected HAL field is relatedData_s.
hal-05123213,https://hal.science/hal-05123213v1,Plate‐Scale Strike‐Slip Fault System in the Barbados Accretionary Wedge of the Lesser Antilles Subduction Zone,ART,10.1029/2024JB030059,relatedPublication_s,relatedData_s,10.17600/7010020,Sismer,https://campagnes.flotteoceanographique.fr/campagnes/7010020/,"SISMANTILLES 2 cruise,L'Atalante R/V",Dataset DOI found in relatedPublication_s; expected HAL field is relatedData_s.
hal-05123213,https://hal.science/hal-05123213v1,Plate‐Scale Strike‐Slip Fault System in the Barbados Accretionary Wedge of the Lesser Antilles Subduction Zone,ART,10.1029/2024JB030059,relatedPublication_s,relatedData_s,10.17600/13010070,Sismer,https://campagnes.flotteoceanographique.fr/campagnes/13010070/,"ANTITHESIS LEG1 cruise,L'Atalante R/V",Dataset DOI found in relatedPublication_s; expected HAL field is relatedData_s.
hal-05123213,https://hal.science/hal-05123213v1,Plate‐Scale Strike‐Slip Fault System in the Barbados Accretionary Wedge of the Lesser Antilles Subduction Zone,ART,10.1029/2024JB030059,relatedPublication_s,relatedData_s,10.17600/7010010,Sismer,https://campagnes.flotteoceanographique.fr/campagnes/7010010/,"ANTIPLAC cruise,L'Atalante R/V",Dataset DOI found in relatedPublication_s; expected HAL field is relatedData_s.
hal-05129574,https://hal.inrae.fr/hal-05129574v2,Young apple tree development under agroforestry radiative conditions: a multi-scale morphological and architectural dataset,ART,10.1093/aobpla/plaf029,relatedPublication_s,relatedData_s,10.5281/zenodo.14253433,Zenodo,https://zenodo.org/doi/10.5281/zenodo.14253433,openalea/gafam: GAFAM Data paper,Dataset DOI found in relatedPublication_s; expected HAL field is relatedData_s.
hal-05157073,https://hal.science/hal-05157073v1,Imaging the Sediment Cover Offshore Central Chile With Surface‐Wave Dispersion and P‐Wave Conversion Using Distributed Acoustic Sensing,ART,10.1029/2024jb030507,relatedPublication_s,relatedData_s,10.5281/zenodo.14868324,Zenodo,https://zenodo.org/doi/10.5281/zenodo.14868324,PyGMT: A Python interface for the Generic Mapping Tools,Dataset DOI found in relatedPublication_s; expected HAL field is relatedData_s.
hal-05194659,https://hal.science/hal-05194659v1,Physical Properties Controlling Earthquake Ruptures: Two Study Cases Along the South American Subduction Zone,ART,10.1029/2025GL114615,relatedPublication_s,relatedData_s,10.18715/GEOSCOPE.G,GEOSCOPE,http://geoscope.ipgp.fr/networks/detail/G/,"GEOSCOPE, French Global Network of broad band seismic stations",Dataset DOI found in relatedPublication_s; expected HAL field is relatedData_s.
hal-05217546,https://inria.hal.science/hal-05217546v1,Inductive Predicates via Least Fixpoints in Higher-Order Separation Logic,COMM,10.4230/LIPIcs.ITP.2025.28,relatedPublication_s,relatedData_s,10.5281/zenodo.15727403,Zenodo,https://zenodo.org/doi/10.5281/zenodo.15727403,"Rocq development of ""Inductive Predicates via Least Fixpoints in Higher-Order Separation Logic""",Dataset DOI found in relatedPublication_s; expected HAL field is relatedData_s.
hal-05232248,https://hal.science/hal-05232248v1,"Back to the Source: Connecting the Seismological Observations of Le Teil Earthquake (M w 4.9, 2019/11/11, France) to the Local Geology",ART,10.1029/2025JB031133,relatedPublication_s,relatedData_s,10.5281/zenodo.15172382,Zenodo,https://zenodo.org/doi/10.5281/zenodo.15172382,"Compute Stress Drop for a given Slip Distribution for the Le Teil Earthquake (Mw4.9, 2019/11/11, France)",Dataset DOI found in relatedPublication_s; expected HAL field is relatedData_s.
hal-05249760,https://hal.science/hal-05249760v1,GW250114: Testing Hawking’s Area Law and the Kerr Nature of Black Holes,ART,10.1103/kw5g-d732,relatedPublication_s,relatedData_s,10.5281/zenodo.16877102,Zenodo,https://zenodo.org/doi/10.5281/zenodo.16877102,GW250114 discovery paper figure scripts,Dataset DOI found in relatedPublication_s; expected HAL field is relatedData_s.
hal-05282767,https://hal.inrae.fr/hal-05282767v1,Identification and characterization of specific motifs in effector proteins of plant parasites using MOnSTER,ART,10.1038/s42003-024-06515-9,relatedPublication_s,relatedData_s,10.5281/zenodo.11368310,Zenodo,https://zenodo.org/doi/10.5281/zenodo.11368310,Plant-Net/MOnSTER_PROMOCA: v1.0,Dataset DOI found in relatedPublication_s; expected HAL field is relatedData_s.
hal-05396154,https://hal.science/hal-05396154v2,Dynamics of transport by helical edge states,ART,10.1103/c6g6-4sgm,relatedPublication_s,relatedData_s,10.5281/zenodo.17406961,Zenodo,https://zenodo.org/doi/10.5281/zenodo.17406961,PyBott,Dataset DOI found in relatedPublication_s; expected HAL field is relatedData_s.
hal-05456294,https://hal.science/hal-05456294v1,Toward Back‐Projection Earthquake Rupture Imaging With Ocean Bottom Distributed Acoustic Sensing,ART,10.1029/2025JB031483,relatedPublication_s,relatedData_s,10.26186/144675,Geoscience Australia,http://pid.geoscience.gov.au/dataset/ga/144675,Australian National Seismograph Network Data Collection,Dataset DOI found in relatedPublication_s; expected HAL field is relatedData_s.
hal-05538163,https://hal.inrae.fr/hal-05538163v1,Modeling omics integration with HIVE identifies response signatures to multifactorial stress in plants,ART,10.1093/plphys/kiaf618,relatedPublication_s,relatedData_s,10.5281/zenodo.14944705,Zenodo,https://zenodo.org/doi/10.5281/zenodo.14944705,Plant-Net/HIVE: v1.0-alpha,Dataset DOI found in relatedPublication_s; expected HAL field is relatedData_s.
hal-05708417,https://hal.science/hal-05708417v1,Le début du Néolithique moyen en Provence occidentale : vers un phasage chronologique des productions matérielles céramiques et lithiques du 5e millénaire avant notre ère,ART,10.4000/16m8a,relatedPublication_s,relatedData_s,10.34847/nkl.f3e98xlq,NAKALA,https://nakala.fr/10.34847/nkl.f3e98xlq,La céramique du début du Néolithique moyen en Provence occidentale : matériaux exploités et dégraissants,Dataset DOI found in relatedPublication_s; expected HAL field is relatedData_s.
insu-04551236,https://insu.hal.science/insu-04551236v1,In situ plasma and neutral gas observation time windows during a comet flyby: Application to the Comet Interceptor mission,ART,10.1016/j.pss.2024.105878,relatedPublication_s,relatedData_s,10.18758/71021087,BIRA-IASB data,https://data.aeronomie.be/dataset/7e429cb4-3d6d-488e-8365-2f12bf097e6e,Supplementary material for: In situ plasma and neutral gas observation time windows during a comet flyby. Application to the Comet Interceptor mission - Software,Dataset DOI found in relatedPublication_s; expected HAL field is relatedData_s.
insu-04909657,https://insu.hal.science/insu-04909657v1,Optimal choice of closest approach distance for a comet flyby: Application to the Comet Interceptor mission,ART,10.1016/j.pss.2024.106032,relatedPublication_s,relatedData_s,10.18758/nn9g6vno,BIRA-IASB data,https://data.aeronomie.be/dataset/8a692f67-439c-4374-9280-2b24d77779e9,Optimal choice of closest approach distance for a comet flyby: Supplementary material - software,Dataset DOI found in relatedPublication_s; expected HAL field is relatedData_s.
insu-05082245,https://insu.hal.science/insu-05082245v1,Enhancing Debris Flow Warning via Machine Learning Feature Reduction and Model Selection,ART,10.1029/2024JF008094,relatedPublication_s,relatedData_s,10.12686/SED/NETWORKS/XP,ETH Zurich seismic networks,http://networks.seismo.ethz.ch/networks/9s/,Temporary deployments in Switzerland associated with landslides,Dataset DOI found in relatedPublication_s; expected HAL field is relatedData_s.
